5392, 19173
11685, 45052
6769, 25756
55837, 398957
708, 6761
3668, 14153
6068, 22197
5857, 17172
68262, 391304
438, 3503
641, 3583
9646, 60088
6297, 29329
9013, 25009
236, 2217
4026, 28531
6385, 21575
8849, 87474
4392, 12601
2143, 17243
4182, 33567
31138, 139711
1908, 14194
63839, 233819
28510, 129307
201365, 1.39184e+06
4287, 13702
40062, 283825
9831, 36034
10658, 95503
1579, 9085
7775, 29343
561, 2638
529, 4755
2367, 5589
6431, 29652
12648, 137324
741, 4985
1400, 8456
1769, 12494
15369, 102462
12694, 63687
7876, 42151
2154, 8638
1993, 13083
158832, 1.14384e+06
4140, 19696
55985, 325667
2195, 11437
3791, 15573
19537, 92855
3490, 6971
5015, 25509
185, 1009
4629, 32370
1067, 10143
3653, 25344
3246, 9434
23780, 278434
1009, 6890
2473, 19086
32392, 157526
13746, 63292
11698, 45525
1425, 15693
2185, 12863
16761, 94440
16936, 68621
35288, 508041
25298, 318959
6235, 19659
704, 5809
3583, 21103
26002, 53512
1924, 11180
4246, 14239
2704, 12559
4895, 21476
74877, 565602
996, 7622
1188, 11228
2779, 12943
2938, 15638
18153, 211705
8812, 60261
217, 1736
11320, 59099
31, 428
14395, 104156
5724, 22081
8645, 46193
3027, 14573
3959, 17638
18546, 84398
3018, 19881
4307, 16423
7835, 35162
2824, 15142
624, 4806
20514, 57853
2648, 5312
39630, 232276
3008, 11464
5308, 14027
4401, 21823
550, 5232
4034, 41899
7017, 62192
178, 2438
2941, 24776
6703, 47418
3199, 14485
9299, 28884
554, 3182
2143, 8145
898, 4519
4687, 21701
1035, 2588
2891, 14357
27815, 178299
13773, 37508
1187, 6955
148225, 499480
73596, 743406
4190, 11462
3196, 18092
3055, 13813
118, 698
12919, 76513
1142, 7096
519, 4505
7179, 19816
2951, 13128
1036, 10018
19987, 203094
6390, 17501
8975, 34173
5818, 40137
10034, 60130
6936, 54005
6811, 29314
9786, 71473
3807, 23551
2255, 10345
17397, 81796
12881, 62767
3085, 13914
3418, 9020
748, 4107
6333, 35791
26311, 155717
15608, 94499
2023, 13966
553, 3007
3706, 15153
768, 5403
9993, 38877
21982, 160553
6081, 30624
543, 4597
20666, 154147
911, 5873
1411, 8700
4290, 30066
3577, 19427
0, 0
6167, 41702
9325, 36136
6280, 67087
7296, 23267
5970, 54636
9306, 18972
50358, 294580
10141, 60917
10000, 41143
6654, 13430
1340, 7969
1348, 2634
5066, 32837
2446, 5671
1075, 4470
29563, 207911
2157, 23600
966, 7734
5728, 36029
3780, 15590
1999, 6056
19421, 81655
3568, 12674
23870, 165040
2330, 15820
67217, 852351
28542, 171844
14475, 95027
57503, 348742
16476, 116616
121599, 590432
4208, 14362
27166, 135674
4705, 14597
4074, 14205
326632, 1.53294e+06
4074, 17442
38322, 126818
3735, 11094
3387, 11223
1217, 10630
636, 4645
76, 801
6881, 38298
22592, 118943
1984, 10665
8942, 25889
1783, 19463
1906, 5785
89, 499
1488, 8201
17760, 114493
1006, 9406
1100, 5525
2981, 10172
3121, 10532
9120, 44444
17308, 109536
12554, 61331
1160, 6087
11582, 24921
2466, 9878
1032, 6222
2521, 14903
6321, 37718
12383, 98304
6175, 31765
2670, 24318
6087, 46220
4644, 57891
11377, 116174
34543, 160627
519, 4984
4909, 17904
6, 600
2614, 14580
17884, 109681
2549, 29856
732, 5859
44493, 294220
1812, 9321
2851, 12926
3435, 16297
18375, 80963
266, 2893
2710, 10251
4534, 47242
9718, 42777
213, 1862
5436, 25161
1412, 6800
4860, 20160
8217, 53937
3489, 8472
20389, 84851
8143, 37623
4033, 14144
3182, 11252
37870, 288420
62327, 177779
4358, 8555
3898, 15234
1805, 23188
75179, 502310
1137, 7779
286, 1164
76, 878
3609, 14022
68720, 453885
3140, 44056
595, 5066
428571, 1.00527e+06
3082, 21059
5930, 31182
3700, 11934
2755, 4547
34339, 176825
4412, 58969
267301, 1.64119e+06
840, 5568
2184, 13032
1865, 8922
2377, 22889
459, 2682
6220, 35955
3380, 35374
6928, 32043
29517, 232030
701, 4629
19727, 102555
3960, 11763
3967, 29837
8185, 36923
2083, 19060
15213, 77047
5984, 15758
3890, 11991
33841, 584697
1360, 5084
2634, 16195
6558, 44511
739, 1624
1583, 11816
7951, 66262
22563, 61923
2325, 7298
42842, 222980
3925, 30185
7608, 17463
17897, 68636
278, 1962
7421, 84530
2588, 13406
24735, 413295
7326, 37842
2621, 13673
638, 6041
5764, 15486
1471, 13640
5563, 61459
3232, 9721
9110, 33604
775, 7507
50885, 332626
17293, 172369
45745, 196659
412, 2339
1050, 8970
3388, 17456
25358, 165977
21558, 83805
19645, 109467
49258, 216733
6039, 24392
4864, 41411
34313, 166637
1999, 7391
2723, 10689
1292, 7851
15889, 61683
7444, 31450
4368, 27821
25386, 91110
775, 4188
3415, 10681
2501, 4434
1322, 8929
590, 4411
24008, 119772
3495, 10056
2708, 12319
3836, 16893
1653, 5755
2054, 11635
5818, 38485
7695, 32961
3167, 45581
4440, 84179
161, 876
20522, 122306
8064, 47032
7087, 39355
620, 8916
66435, 445114
581, 5610
629, 4152
146296, 267790
2751, 9617
11938, 81272
197, 1175
9500, 28102
8068, 45994
3721, 44213
9071, 118568
2820, 8547
2449, 10510
41441, 167999
12331, 68444
9630, 84952
1154, 9650
7475, 56321
3120, 17768
2140, 14205
533, 6064
806, 4127
4446, 32796
4685, 26909
3782, 24090
5216, 23471
21564, 90932
1974, 18773
2016, 13082
2132, 17472
3234, 8090
9398, 153564
1230, 7587
2502, 8019
4787, 43560
4369, 23987
5702, 22299
5361, 22571
8833, 47107
433, 5267
5526, 20553
1371, 4675
160, 1085
7958, 41840
13027, 45395
9909, 60760
4867, 92958
12269, 74768
4259, 11076
1533, 12480
1947, 11314
6342, 31942
7483, 45002
4684, 25932
8979, 92818
21711, 157987
1634, 23993
6325, 25510
3743, 18361
1875, 5307
5217, 16896
2213, 7035
23489, 127181
9121, 54006
701, 3133
14069, 68775
189, 3385
10011, 68024
10648, 89585
1473, 16957
3251, 11734
870, 7981
32542, 147154
5710, 39794
1469, 16729
8212, 25591
3700, 32423
46191, 193876
5243, 34198
1270, 6401
829, 5330
2192, 7996
10832, 141129
69345, 336436
3474, 23927
21228, 149605
2188, 9144
12538, 40213
2541, 9582
353, 2428
509, 3612
54125, 251357
8519, 58943
1409, 10949
5985, 17208
529, 3032
25222, 115414
14032, 51187
5487, 33084
4570, 22543
9846, 62057
13780, 77940
7661, 42852
5520, 20387
22637, 205346
1148, 10842
3825, 17898
4858, 22228
11022, 41138
12886, 42018
12471, 39042
749, 5330
19837, 210501
8677, 69569
35382, 475864
7923, 25223
3458, 14112
12362, 34548
22277, 299582
135, 1628
302, 2402
1421, 9468
1263, 10890
4380, 12465
3689, 8296
1127, 6267
8567, 33388
6783, 34412
1284, 10620
7044, 57622
4052, 50459
17979, 150739
2864, 10019
1999, 6494
4109, 12205
1279, 5369
4226, 11614
5050, 29893
15221, 63261
8703, 75205
3598, 21398
7548, 21852
459, 1874
23415, 119864
38707, 364954
4874, 12325
3005, 7346
7235, 23536
10616, 66389
8123, 25717
8494, 26506
7104, 34124
5486, 19461
129, 608
1990, 14481
13940, 98494
272, 1975
5507, 29500
1217, 5893
312522, 1.73646e+06
25399, 117573
543, 3208
55925, 411770
5129, 28192
7309, 19532
44384, 102918
1263, 8046
3814, 12550
966, 12836
6183, 34289
2575, 10367
3054, 11505
19580, 180218
1380, 2416
1470, 15375
2109, 11857
4197, 23003
1164, 7918
7972, 13449
7538, 57425
21031, 214520
5339, 15998
2571, 9195
568, 5513
3413, 13180
1600, 5614
1068, 9177
2217, 6500
64210, 218582
2212, 16206
937, 8875
11773, 70636
1070, 7269
1451, 7508
2775, 11461
4050, 21661
20559, 177977
1495, 7165
18736, 79602
34818, 245346
1988, 4857
6727, 43246
3369, 33579
4556, 27761
2480, 6882
8580, 71809
2070, 18350
11837, 69061
6903, 36689
6399, 34260
1530, 8418
9476, 19002
1254, 4686
93566, 663731
21794, 109350
443, 1940
9233, 27132
31667, 120609
3101, 25340
9469, 41949
10403, 32322
11207, 44185
767, 7767
358, 2782
9763, 45543
10182, 69208
2327, 6938
11730, 47988
1628, 7395
2244, 10981
7781, 29764
49178, 299251
69049, 826815
615, 2383
1649, 15727
3439, 17031
12309, 33240
6079, 20439
13436, 56050
11558, 127142
6088, 54170
6726, 44315
11142, 59067
681, 3431
5265, 51859
17861, 91418
14238, 45107
2677, 14865
12617, 110582
125, 1800
21631, 111279
3577, 10298
668, 2884
6508, 15186
4143, 9794
1603, 6827
116691, 986869
1212, 12983
5060, 17815
3976, 12876
886651, 4.43326e+06
434, 4961
5737, 32482
3130, 15106
4242, 27063
11121, 54978
2275, 8165
7574, 22922
1848, 3471
7207, 44171
10125, 66117
6171, 31002
792, 2730
218, 1078
904, 5277
1594, 10284
1236, 4572
7583, 29725
5813, 14873
17218, 119031
6329, 31647
17975, 89264
2596, 12103
455, 4695
21119, 87038
683, 3411
17349, 91133
12463, 50715
2552, 9749
2722, 13593
2793, 17299
2088, 8609
8094, 35440
2309, 11738
5201, 19252
7052, 36873
13861, 75668
2065, 14786
10383, 59896
2670, 10720
7155, 18233
13031, 39192
1919, 7287
2772, 11162
637, 2451
4095, 17827
486, 6748
1563, 4100
2997, 13609
8161, 58204
1560, 4031
571, 1591
15282, 64869
4474, 41447
1506, 9620
1592, 4924
32809, 269666
55476, 291085
27543, 121190
20232, 222067
10205, 46910
1602, 7557
1047, 8007
2448, 21230
9633, 41540
3350, 20392
637, 4126
667, 3709
1608, 10992
1030, 9934
5635, 25075
870, 7905
230549, 1.10235e+06
2606, 13160
1571, 6507
96, 961
31352, 390665
3524, 15179
8610, 41616
1291, 5159
14807, 32326
1528, 6367
4954, 73066
3737, 12603
481060, 1.94943e+06
66601, 488921
181, 1693
11630, 33064
3089, 32120
7151, 45411
16272, 53697
36103, 241593
26744, 131914
123644, 577452
5552, 35385
4222, 25365
14938, 86482
1220, 6986
1862, 7508
26046, 314526
2426, 17916
1745, 8454
3581, 19697
1523, 8500
3566, 18265
2928, 9160
1162, 4878
429, 1473
6134, 21089
2280, 15079
14142, 50172
137211, 638390
20038, 96076
5255, 37255
1257, 10534
3661, 14567
10364, 24964
16749, 151429
2792, 15885
3628, 13341
4505, 44060
7377, 21340
1611, 7024
3740, 23102
294, 2620
2637, 9193
1876, 8153
5353, 34043
5932, 21525
1461, 15832
26108, 101737
6615, 40386
9267, 181548
8787, 35105
57985, 516797
4630, 26226
5996, 33415
938, 4473
219, 1706
3272, 12023
65543, 691587
126798, 566938
5555, 36672
24706, 158631
3691, 9431
262, 1796
203, 3786
698, 4300
1885, 4643
417, 1717
3199, 11083
500, 4470
1321, 15800
2114, 17610
3297, 24348
7789, 42584
903, 4175
9805, 21976
2939, 6831
3677, 22343
122554, 582461
204, 2203
2768, 12487
648, 4978
1301, 6763
4153, 16823
1506, 18765
3932, 31600
7972, 77237
295, 1756
969, 7087
592, 3043
4115, 10059
2804, 26128
5375, 27105
17965, 132731
28831, 73833
12271, 306772
22343, 121013
2049, 16667
22151, 110872
3973, 34068
3061, 11067
77684, 486203
4849, 44066
20004, 93814
357, 2399
6289, 32002
6598, 40508
57693, 165599
5307, 15140
64357, 859024
3515, 36798
10504, 88082
1814, 17608
1753, 16211
153, 1767
8024, 22662
444, 3963
6956, 40716
15749, 42756
54475, 255886
26692, 265735
151711, 789077
2272, 7612
6752, 31714
5768, 46941
3315, 8047
85640, 394747
3594, 4926
3428, 15949
3453, 14904
11727, 101413
15946, 94658
1253, 2990
24471, 112196
328, 2094
7049, 45624
3283, 15343
13843, 43672
5284, 21588
1934, 9478
498, 3493
754, 5744
391, 2594
346, 1295
6207, 47220
3123, 31197
16478, 170637
82276, 621054
194202, 616780
1573, 23372
3965, 15220
498, 2403
3244, 28231
33729, 162587
4643, 43901
2440, 5370
4700, 26895
664, 3664
18959, 133189
441, 5734
10851, 70126
4253, 21919
6690, 17408
1063, 9547
1249, 8831
3619, 31145
510, 2792
1584, 3900
8953, 32921
134734, 828706
10085, 67714
47057, 250320
9584, 28753
56229, 273069
183, 685
86138, 684491
132090, 664429
4603, 33844
1232, 8516
974, 5102
3930, 10503
19671, 84688
281, 1800
8257, 22849
3041, 8304
8346, 92501
1763, 22524
67115, 1.04426e+06
86035, 841440
17895, 137599
5216, 18702
1191, 6222
183, 2881
544, 13234
3551, 12640
5463, 18765
5805, 27812
1817, 12744
313, 2128
17632, 107967
3822, 62379
3358, 12639
8444, 103413
2339, 18085
3718, 18415
5398, 18141
58741, 275366
5789, 24019
24672, 114509
5462, 33432
2881, 19916
9568, 35609
4589, 12927
1579, 10561
1587, 6670
2514, 18553
498, 5236
5949, 26252
655, 3095
17000, 92372
13479, 89039
3229, 11054
27568, 115005
641, 4015
20173, 74833
2026, 14550
10132, 67038
11013, 28047
1208, 4438
1978, 12680
1853, 22309
196, 995
9972, 91888
1437, 12128
5393, 24252
1225, 6135
1506, 7831
21067, 63965
15527, 186732
67945, 317809
57569, 606530
373, 2905
1982, 14243
6112, 14431
1961, 6770
6921, 22911
3650, 14618
2434, 9369
4208, 16097
1158, 8891
1589, 11979
7528, 34327
3096, 19586
3355, 23229
8280, 42947
8574, 65193
4726, 27721
12761, 87180
1802, 6353
10120, 51042
397, 2805
9842, 42855
222882, 1.10456e+06
16818, 130417
6252, 33122
1526, 8851
7890, 46608
4961, 43194
17737, 62344
14864, 223694
5849, 70844
5273, 25600
3392, 27139
3083, 15572
8184, 39108
716, 6439
1596, 11310
6105, 37162
251153, 706127
4447, 11841
325, 2562
2267, 10149
175352, 900672
4789, 31110
3178, 17240
1391, 4793
8711, 46206
4854, 37726
1624, 12423
792, 4345
12264, 35729
2535, 19540
3263, 11519
1775, 5317
910, 4302
1778, 6459
13720, 93513
5380, 24713
41788, 273666
180, 1785
6838, 48957
137, 1200
260, 1883
8770, 54069
578, 4622
268, 2140
20146, 84475
3220, 13571
4125, 25761
5264, 22958
997, 4009
2200, 12517
37792, 171013
2267, 9635
4442, 33409
7638, 85714
3070, 14555
86708, 366238
7454, 53423
5663, 20622
1174, 5850
4334, 19528
12884, 51353
3882, 30417
9251, 40913
11474, 44779
4096, 13564
5626, 23198
2236, 13536
3062, 22075
228, 1758
6256, 22054
2456, 6610
632, 5523
4616, 11436
3341, 10635
5438, 21320
653, 2390
54, 1006
5256, 20211
23567, 264474
3417, 33167
15778, 71164
3195, 14431
176, 755
226, 1664
1110, 6469
4481, 14180
1228, 19172
4596, 42523
3133, 11238
11770, 41138
2473, 12068
158, 1858
281, 2531
7633, 18436
7486, 45830
10042, 82127
8464, 32036
287, 2409
1824, 6794
4664, 16988
11222, 64878
483, 6407
10621, 84700
1615, 13731
1292, 8580
485, 2830
3872, 17639
1796, 15404
12754, 58764
1016, 5940
4478, 20497
602, 5378
335, 2042
116, 579
5877, 24353
396, 4055
1242, 6426
825, 6358
18909, 70978
8604, 46542
1706, 9385
9009, 47444
7958, 36540
6997, 30395
681, 4701
3364, 18481
13455, 60479
6103, 19907
19395, 106610
2883, 11365
70, 1193
300, 2303
2166, 16444
2418, 8426
3817, 33876
6984, 29388
2814, 6517
7472, 36179
3677, 12978
1196, 8170
1773, 11903
4582, 27686
53457, 257564
2607, 10845
4915, 16031
7243, 41443
22771, 151370
5563, 32204
15034, 54668
2284, 15815
1495, 7879
2523, 8492
6499, 30099
76275, 413718
1019, 5733
16059, 55894
609, 4896
21684, 101643
810, 3648
4745, 16986
162, 1934
5190, 21330
866, 11620
4538, 46240
1611, 8708
3987, 9465
782, 3548
14283, 126635
8037, 33612
92694, 450153
2615, 12675
2783, 14671
1104, 9800
122031, 763792
275, 1729
9100, 34083
200, 2474
4039, 11752
7743, 24373
14514, 40151
7498, 27773
35672, 150320
8424, 50362
749, 2260
12103, 50681
3315, 10550
1859, 13560
1419, 6952
15434, 291426
292, 2132
923, 8532
443, 4239
145194, 714675
58303, 303103
1033, 6699
431, 5342
82864, 391851
20922, 150156
4227, 18364
20395, 122233
5142, 15467
2604, 6450
1147, 10001
2525, 16819
5470, 66652
1243, 7598
7657, 50594
8592, 39240
10547, 69084
2050, 4833
5089, 26468
415, 2947
5198, 93866
937, 4209
540, 3077
6530, 21252
8131, 17635
6387, 19448
1045, 3150
1489, 15874
974, 3435
17106, 95382
5755, 27599
5847, 19765
6063, 48001
114, 613
220, 1149
2186, 11041
18508, 231097
8815, 19996
423, 3216
806, 2107
21787, 106906
1325, 6264
960, 5102
568, 3255
2630, 29325
821653, 3.49536e+06
1375, 13049
5187, 34426
4295, 14874
1408, 7144
39613, 170394
2860, 13320
10774, 56966
12171, 59753
17580, 42770
6446, 20378
4947, 13241
104166, 791125
524, 4926
4457, 31094
427, 2985
2244, 10059
1090, 4286
35537, 176713
9191, 46012
55, 825
31454, 165227
9872, 51205
3837, 13802
2820, 8435
489, 3315
6118, 18241
782, 6114
8225, 39497
15672, 97255
5266, 22659
14986, 63987
7803, 145912
10281, 24797
155144, 1.11874e+06
34446, 290054
2475, 13769
23953, 191413
3619, 18458
5212, 44523
8329, 42038
2663, 12380
3987, 18900
3771, 25255
6183, 26504
8906, 40102
9562, 56541
27082, 152115
6320, 18839
285, 2320
866, 3740
4243, 18410
1991, 7596
1108, 3557
289213, 513603
8394, 35383
229, 1774
19745, 79571
3137, 15202
5924, 27425
221138, 1.14255e+06
34846, 367907
9029, 39872
61663, 207413
40, 737
450, 2695
4567, 24905
3702, 18225
100, 1742
11819, 43353
4677, 14836
8030, 13180
6936, 24232
555, 4051
1061, 9373
97195, 895585
2655, 19246
6524, 46965
93, 692
310, 1840
4461, 17047
8719, 38307
6933, 28809
55583, 262076
4738, 27829
573, 4137
8394, 33210
18755, 87418
22665, 132411
2042, 17220
1943, 6647
4480, 18329
3132, 10260
1096, 8230
13858, 73688
14227, 293511
1849, 8696
655, 5878
5608, 27158
9561, 33183
2716, 18968
112411, 548005
1416, 1734
1331, 5473
2913, 10672
2011, 16284
27501, 121867
983, 8724
2125, 14324
3925, 5603
2521, 15270
17610, 72387
5043, 118755
5810, 40123
4405, 32485
5066, 27864
7926, 51492
950, 6041
3440, 18159
1453, 4473
113, 1252
15300, 56617
6399, 25528
1014, 6296
2838, 14415
41728, 115514
8759, 30491
21858, 125937
15524, 77006
62323, 259254
2356, 16219
10158, 56514
4830, 22217
1785, 15262
2335, 21990
23001, 143174
137, 1299
1617, 10157
2433, 7936
9879, 42826
970, 5414
3956, 25500
1930, 7383
22244, 63625
3073, 35186
7135, 74994
4321, 31002
454, 788
5699, 42307
3694, 18045
2522, 10762
1479, 7226
3295, 13227
8426, 39288
4980, 13256
124, 1238
9711, 38065
9837, 50177
2046, 17378
18142, 53530
5682, 37674
1273, 12767
4545, 9209
27156, 142329
1201, 9396
118875, 603258
22441, 121801
8934, 34834
8056, 26657
4290, 21890
36169, 187366
730, 2953
2557, 8641
1872, 11880
3490, 17926
5534, 24641
6315, 67865
2915, 11229
4351, 33738
635, 8805
2578, 29190
21628, 99089
3669, 12716
6439, 21410
6328, 29615
3113, 17812
3640, 11828
163, 1787
5918, 24615
3192, 9221
71893, 365130
118943, 577533
17279, 60007
48031, 523317
2417, 11409
5126, 12009
2148, 16459
3540, 24157
6358, 33448
4419, 27262
1452, 17328
126924, 669583
25167, 194654
3040, 6056
902, 10899
998, 6535
18342, 104930
11237, 60248
1302, 5128
4394, 18797
6830, 39103
9640, 42352
52969, 207842
4020, 28596
9452, 77053
6240, 48860
2683, 6625
4676, 23884
245, 1702
4176, 16018
1715, 19930
8588, 42989
380, 2797
736, 3474
8974, 29154
2114, 20451
5227, 20726
2212, 7353
25185, 134888
1777, 10509
15639, 134260
37328, 549004
5653, 17260
9568, 49796
710, 4558
4715, 12983
18895, 130846
643, 8144
31205, 150944
2454, 8971
4779, 25534
1698, 18695
15707, 53744
1683, 8444
140, 900
3688, 14434
16887, 73902
1541, 9427
247, 1860
2009, 30948
3590, 22436
2926, 20556
49434, 239665
13, 78
2835, 14941
2151, 13779
26821, 167206
5751, 37465
58531, 436609
566, 6848
18265, 96228
3473, 10553
7893, 63498
14794, 91770
8277, 39293
326, 6073
395, 3093
910, 7471
3384, 7714
4943, 53339
5825, 112249
3616, 34992
131, 261
16229, 110696
23530, 149244
22186, 146533
2616, 17184
97532, 562538
14366, 149276
68, 655
22458, 145569
1350, 9024
200281, 633202
7534, 44191
10548, 53624
1406, 12891
1922, 18543
350, 2057
126, 745
252, 2036
483, 3149
865, 3510
1801, 23113
1538, 14470
660, 5848
15, 214
239196, 1.91565e+06
1289, 13389
962, 6782
31556, 106691
608256, 2.05811e+06
467, 4649
906, 2429
244, 1293
309, 2297
2110, 8029
1114, 6780
26435, 237915
9610, 38738
435, 3938
12371, 57404
7887, 23853
3651, 18149
3671, 11188
8696, 44727
5311, 32703
11034, 21368
4285, 36819
1052, 3400
1187, 7549
8686, 53888
65502, 404677
802, 3032
1636, 12531
1813, 11480
19742, 135687
9349, 67408
1324, 14035
16522, 110694
3925, 15234
6155, 50858
2107, 11886
1622, 3954
6342, 23869
361, 3622
18388, 96399
13571, 98337
3207, 18801
551, 6291
28930, 189107
6981, 28954
39353, 201476
1714, 5511
1785, 6927
3105, 28406
13550, 45679
1972, 15134
13821, 72339
344, 1416
310, 3514
16046, 54813
1052, 6386
43565, 272756
63467, 626910
87261, 426498
3164, 9107
1452, 10029
6518, 26247
21089, 209058
1575, 6560
2016, 11539
2419, 5387
3141, 10719
3441, 14912
10457, 54269
9459, 41154
3000, 9529
3160, 23226
3406, 17334
45873, 283084
55999, 447455
17464, 68441
1292, 9708
559, 4873
174, 1533
71667, 326445
2814, 17100
2770, 7925
9697, 79514
10410, 89931
45701, 305971
2396, 11372
2501, 11846
5366, 25209
7836, 36606
1796, 8982
16013, 78014
19217, 67060
7119, 20400
13083, 44951
11819, 38185
13706, 52029
1637, 15619
5858, 25811
4300, 13105
2197, 12571
6947, 38437
4267, 11521
7072, 32129
2350, 10289
11277, 52380
12783, 78385
3551, 23005
7652, 33396
11047, 40058
2444, 25049
10500, 49909
6424, 17372
8431, 72572
14590, 116587
33936, 133739
3106, 6912
104645, 590497
3269, 24491
5328, 31757
3717, 30011
2825, 5354
15600, 70669
11276, 47849
5136, 13354
2076, 13661
6687, 18514
2454, 20644
12694, 23001
49022, 310590
1800, 6984
13966, 88251
13861, 46203
65885, 260701
2984, 13978
2467, 6889
5910, 17473
9388, 32126
6849, 62366
687, 3389
4039, 10257
1521, 8861
3675, 23845
2369, 9251
11570, 64535
3332, 13903
1842, 5725
36681, 245653
2015, 6320
12192, 59265
495, 1781
14374, 58666
20327, 151096
13346, 73991
5058, 18655
14476, 40522
3772, 10268
755, 4491
2020, 6258
882, 3960
405, 2917
6209, 18774
3998, 31778
504, 5284
7378, 46220
8172, 28794
3423, 16601
12453, 66737
4083, 32771
2897, 16947
897, 4287
5504, 29495
7425, 41719
2320, 49280
5483, 27044
1456, 9584
3163, 25188
5886, 15934
1281, 17267
21122, 204250
1226, 8457
1859, 10772
21245, 106346
387, 2899
11840, 168899
1754, 10452
2068, 9624
18055, 114710
3904, 32634
1582, 7702
11507, 175203
2679, 13096
8655, 57611
2751, 16915
3865, 17852
3964, 19979
4105, 25522
358, 2540
5696, 20500
196, 1495
91, 698
7236, 39182
5931, 40477
6999, 27006
3286, 14546
9446, 62040
44416, 270144
778, 17152
1.80077e+06, 7.7494e+06
8174, 43003
13070, 340541
1362, 9297
3538, 28337
152, 547
1622, 8151
10, 77
2825, 7819
27586, 95359
15171, 48979
59971, 248114
1479, 7822
90539, 382181
1195, 5514
5643, 26500
7328, 16901
2817, 8602
49737, 281526
16544, 102061
659, 3431
19525, 67980
1166, 4392
935, 10410
7008, 28828
1416, 7039
3696, 23535
7768, 43658
1689, 9750
107514, 758619
5303, 15540
4055, 9723
19070, 95456
2508, 13281
7215, 29031
4877, 17551
5760, 41390
35237, 105865
4773, 8823
44838, 315269
3557, 12057
4167, 14481
5068, 22282
1389, 14704
13618, 36098
37318, 242303
22502, 113160
18691, 74414
2647, 9276
12914, 90706
680, 7413
3660, 17095
4995, 30672
8178, 65349
4831, 37638
19636, 84335
3493, 10922
1750, 10499
3693, 8471
3557, 20245
1442, 4679
41044, 206619
977, 6774
8318, 24409
1062, 12579
4923, 34759
53114, 307426
4127, 21685
7776, 72304
14800, 122202
4826, 16832
682561, 3.53133e+06
1505, 7454
20078, 240933
5451, 36920
6327, 22582
3093, 13683
61389, 288292
1803, 6607
3070, 30829
6981, 33441
190586, 789435
1465, 10865
3401, 16366
4685, 24322
7295, 19220
12158, 56191
60656, 271324
8750, 26121
5170, 21618
2355, 8221
9032, 49759
2847, 15507
8573, 19519
10625, 63277
2047, 13094
18454, 72113
4945, 34818
1322, 10909
7160, 39758
1221, 9286
3591, 26341
744, 8278
8044, 26777
2799, 12832
871, 4196
5066, 25172
5219, 28558
19941, 136212
1490, 8458
4400, 8964
2164, 17874
5441, 19115
863, 3827
3729, 10653
2265, 11869
3313, 13767
4669, 25797
554, 3338
10503, 53729
5133, 22072
2430, 12431
7706, 28521
9690, 90443
892, 7846
17280, 147043
13169, 73201
17392, 32275
8041, 34408
4328, 32500
125, 1599
441, 5225
1694, 7759
10581, 56760
5412, 12468
1361, 6321
8626, 26704
4970, 17898
7364, 29234
9847, 36332
7423, 12903
4744, 15942
23661, 283008
850, 5293
2118, 11442
387, 2112
4158, 16352
7064, 38001
1517, 9885
25934, 54092
24717, 164314
1782, 7582
1044, 8668
53557, 200352
3050, 32581
9631, 42206
155, 539
5936, 20462
2398, 25878
68, 470
483, 1868
414, 3738
4924, 25147
2965, 25118
252, 1664
155931, 899135
6114, 23987
9890, 38781
13026, 164059
8477, 38555
2357, 20935
5109, 19458
2422, 8670
769, 1806
1232, 11627
505, 1617
17574, 74864
1729, 4546
3225, 21390
1420, 4088
67654, 177657
1610, 14430
3582, 17887
755, 3262
638, 7766
41612, 324352
3838, 37034
15509, 101787
13716, 49984
4473, 15475
979, 7044
12804, 135544
21793, 132836
1998, 6933
529912, 2.09834e+06
6184, 29950
3118, 30689
13507, 91848
10556, 154717
127196, 1.44626e+06
71085, 742632
1005, 9519
11179, 76920
16206, 127469
7122, 37940
4657, 19696
1677, 10892
3598, 22959
8468, 36957
1370, 4760
5254, 21320
1038, 13659
638, 3969
206584, 821553
220, 2117
45, 674
783, 3797
923, 3965
4357, 23965
5889, 18670
2764, 15385
19934, 165874
2271, 12932
11015, 34415
3828, 10190
18593, 106486
5966, 16463
765, 9809
610, 5869
2802, 12448
1062, 6834
82194, 348288
1895, 7652
1487, 11532
39452, 170417
1808, 13049
44050, 580195
1190, 11729
810, 8069
23176, 93841
6277, 16702
2184, 5709
10413, 69345
3490, 21506
944, 6937
1821, 31294
35978, 131729
2697, 7835
18428, 133793
1280, 7627
7777, 27614
112479, 671872
2748, 12498
19958, 149017
8866, 35146
6535, 40024
1847, 10906
3029, 15921
11698, 54968
73328, 306254
4974, 23169
47952, 193618
1998, 7474
2203, 7400
1678, 9108
4140, 24985
6409, 33492
6609, 30045
6869, 21622
69040, 939768
2072, 9568
3234, 7561
7013, 19670
9309, 41466
94362, 470208
49828, 763761
31154, 172675
64349, 447851
23825, 87131
1683, 7896
1864, 16684
6540, 35028
758, 5762
14520, 83490
834, 5251
3411, 14950
905, 3862
7091, 20578
18778, 97360
3768, 22322
2765, 14670
5030, 30772
8015, 60912
3845, 9405
4736, 16030
2998, 12706
4505, 17241
424, 10353
2670, 14242
671, 4240
473, 5088
21988, 467245
2625, 10449
4134, 29070
4781, 30863
2014, 8446
351, 2644
2535, 26899
294, 1001
1899, 12611
1203, 8823
6410, 34290
6366, 24310
138255, 696711
8828, 27311
898, 7631
2001, 11429
6178, 36296
39374, 171557
34296, 151663
15533, 74747
16022, 59401
597, 4098
16782, 52567
450, 3163
1129, 10205
14308, 117725
16041, 78411
9654, 68497
81518, 1.22548e+06
10183, 31920
8081, 74931
32755, 87129
10169, 37881
8156, 38897
234, 2719
2109, 11999
1167, 9133
746, 6615
3398, 14742
7101, 22747
394, 2826
2312, 7162
11867, 93256
59147, 494184
36554, 195966
106798, 760508
1181, 17779
23810, 247677
3965, 14051
289619, 1.40719e+06
8909, 41146
6499, 29055
27811, 163205
6836, 76346
1857, 6307
15759, 87605
1585, 12089
8790, 50043
4061, 18186
2276, 12031
4441, 36006
29253, 191959
1127, 5598
4959, 21281
3508, 30909
401, 2239
6762, 39666
2183, 11505
1621, 10034
3454, 16991
6555, 21027
2792, 11878
2719, 8256
47122, 211068
45689, 648642
870, 5882
999, 8345
5382, 14918
29163, 266680
2945, 9467
13340, 80134
1360, 10487
1698, 6073
730, 3281
523, 4876
2617, 11497
1747, 8861
3846, 7280
485, 4063
65545, 284264
7991, 35221
1588, 12805
127500, 1.1475e+06
5538, 24629
60975, 526498
5218, 22052
1861, 7477
3264, 32040
14362, 62485
3817, 33413
4523, 17904
5886, 46304
2406, 11592
501, 5154
4723, 18534
6673, 39515
26333, 178629
8547, 33734
10531, 26543
3461, 9761
141750, 657412
7624, 33387
16653, 42694
4317, 58220
294, 1807
137, 1619
12023, 141721
674, 3895
37026, 201666
3805, 32896
69293, 420908
28514, 169205
10422, 100711
852, 5468
390044, 2.63594e+06
213010, 1.09262e+06
3513, 15779
24995, 127782
46636, 329839
12014, 71919
4413, 29772
3781, 26348
21351, 71441
3022, 8707
104919, 324750
5626, 35896
4171, 23345
1689, 14438
1192, 12141
6957, 42031
650, 3324
55528, 259957
535, 5366
5028, 20134
1691, 6914
21039, 104469
4659, 15345
14188, 54474
1659, 14517
3261, 21984
9475, 54771
576, 5598
30945, 251149
4527, 37656
7063, 26840
6743, 51872
36267, 132407
5735, 21029
259, 4555
15835, 169448
4934, 16653
2936, 17446
1724, 8952
1700, 2768
2747, 8560
8528, 51342
1898, 7859
4548, 84059
3536, 18011
2154, 13838
3601, 18029
202668, 1.223e+06
837, 8189
5198, 22308
1787, 11096
8714, 26109
3019, 19847
1487, 15626
1953, 14800
2377, 27047
2292, 14269
13425, 108507
2110, 6193
67461, 423209
7321, 33302
82944, 416753
3123, 13753
16985, 131853
2601, 16824
436, 6224
581, 2353
2313, 14334
4567, 19502
20628, 72238
6623, 22264
12260, 45946
2654, 10918
620, 6344
5171, 12796
2649, 11725
10856, 48769
2261, 12145
1386, 5889
1532, 12624
14613, 99150
26080, 139146
32219, 168400
917, 6602
168, 2631
428, 2614
2720, 11271
2515, 6898
1598, 8667
3988, 18313
2120, 16341
6982, 19042
2304, 15899
2568, 9782
7019, 30154
4426, 39565
1650, 6140
1206, 5285
7044, 32480
427, 3024
8731, 24101
54, 466
7769, 34540
8117, 38927
836, 8654
413479, 1.26696e+06
6677, 14509
868, 3735
553, 5079
587, 3848
1019, 15232
7565, 48288
5539, 16231
3570, 24238
22750, 98942
984, 4043
3893, 14737
630, 3624
403, 6705
103159, 752895
5079, 38296
9215, 27045
2734, 8830
1992, 15134
2660, 13795
1603, 10831
14750, 45321
2800, 14629
11016, 31325
6640, 21927
5113, 51302
192867, 875938
62699, 340425
4306, 25749
132272, 833969
993, 7917
3150, 14949
1780, 16921
42611, 150454
8256, 37173
9046, 49345
377, 1316
32337, 347906
2978, 18922
7014, 89290
3495, 28942
1417, 8148
1115, 6810
2828, 16727
1592, 23008
38534, 466967
1014, 6610
1654, 7112
6813, 17772
3966, 18149
4672, 17211
115504, 522942
9625, 29904
54264, 422153
3995, 28248
7329, 25992
3400, 17711
437, 4934
12856, 69969
2894, 12949
9308, 35435
4691, 39832
1088, 5411
4333, 23646
7145, 32950
12198, 51762
727, 3746
1011, 10116
675, 11168
26063, 147313
9656, 64914
17376, 152707
17665, 79107
2528, 23522
2061, 21661
13357, 61829
12852, 83163
2598, 15210
307, 2066
28096, 92072
164, 1660
3942, 8828
1057, 6239
1059, 6116
2390, 17287
1536, 24438
1760, 6527
247, 996
1143, 8727
5073, 36513
6154, 18486
1730, 3816
1678, 11287
4460, 28010
2174, 12239
4569, 18344
85016, 773288
3024, 32106
28104, 397470
966, 5820
108068, 510003
2804, 9531
30918, 140993
67545, 350290
1803, 8899
1093, 4664
1815, 11061
14871, 50996
6840, 48146
4771, 28075
2948, 8989
19046, 55911
2967, 17907
826, 5163
3649, 32314
908, 4090
5770, 91727
2358, 31403
19654, 61557
6415, 50696
1819, 6928
3953, 44753
348237, 1.85959e+06
611, 1674
3125, 5221
3492, 13839
25957, 171353
6653, 15299
1500, 9068
13379, 63610
1015, 9188
90019, 478857
1399, 10199
13207, 116808
5522, 16363
3830, 14127
1858, 5287
4076, 27018
4417, 21627
4864, 21211
25414, 111367
4679, 24367
17028, 131634
517, 4787
26365, 109170
795, 6110
6893, 37789
297, 2362
2662, 20264
357, 2298
681, 2582
481, 3542
1890, 6614
2004, 9546
1380, 10182
1552, 13746
3142, 9069
1183, 5739
7910, 56585
21090, 144276
1743, 13402
181, 2414
600, 4534
1602, 5062
7377, 25101
1492, 9003
7558, 58962
161, 2185
1398, 7510
4418, 15804
2281, 14551
1644, 10442
1939, 14756
19145, 105114
69069, 360205
2261, 15702
55770, 177550
50543, 168545
11845, 36632
56320, 416486
1139, 6570
17445, 71735
662, 4470
8433, 31503
999, 6123
2229, 9761
2679, 24593
3436, 10505
2112, 7869
377342, 1.8541e+06
7912, 44150
3637, 11057
22272, 81332
6190, 85251
2033, 9098
28, 859
501, 1597
8850, 58003
3416, 12590
42719, 96353
19426, 127659
1251, 8607
144, 1326
23050, 141362
2813, 18844
4291, 12670
12900, 75644
16414, 72440
16534, 284087
8130, 63084
44046, 283383
5181, 80082
496, 3434
8353, 81193
5262, 11956
943, 4717
3014, 9508
4962, 15707
5318, 20386
1521, 14237
1613, 8309
15200, 64891
2172, 23125
6765, 18238
26062, 112290
2281, 8083
2601, 14713
409, 2900
9598, 43031
2680, 12412
13114, 47925
1016, 6302
4852, 13117
5408, 20933
14319, 54346
37558, 259149
7811, 53717
5251, 19335
2670, 8311
873, 9172
260837, 1.27306e+06
3890, 32732
37442, 169660
1530, 4833
2982, 22654
8025, 55655
9952, 103221
4701, 20896
9701, 49622
4343, 19331
2394, 11886
138651, 971650
4306, 15380
14603, 48038
2273, 6647
6934, 44807
395060, 1.65207e+06
469934, 2.79023e+06
115083, 735681
5447, 21381
130239, 553156
123, 680
27728, 101009
4133, 12628
1730, 15134
39909, 250058
57652, 672103
831, 7534
8302, 23693
11376, 51525
855, 4554
280, 2060
2500, 9909
19540, 124948
8606, 53319
28258, 183077
6987, 36098
4471, 25174
70507, 348568
193250, 1.63883e+06
12281, 33854
39683, 230762
25188, 128903
20101, 146099
48429, 364808
14620, 210076
291, 3479
11365, 163411
6845, 56661
1674, 19517
3090, 14744
19778, 140784
721, 2413
1151, 3769
3630, 27620
1691, 7346
1165, 6516
1049, 3754
2125, 16465
18662, 125969
18001, 62811
885, 3827
11491, 27607
2139, 8234
22452, 158190
640, 4673
4505, 18661
574, 4389
6359, 45130
7682, 132130
7430, 31239
7030, 20577
6222, 16490
4096, 16766
4996, 31761
3803, 11113
2720, 13187
2069, 5875
26877, 104210
444, 2038
77847, 450799
50004, 406230
2258, 7053
5821, 20921
4291, 29582
8629, 49768
2558, 11837
8851, 33624
4252, 11553
13791, 78276
3199, 18675
4552, 14853
1509, 15761
538, 2912
2099, 6746
7564, 11204
1450, 3592
4041, 14032
31466, 158947
4782, 37213
29794, 161101
10953, 104453
16326, 188469
1290, 10861
2602, 19799
5751, 38160
5565, 38144
1124, 5467
5580, 43175
195271, 807371
5639, 19774
5033, 36396
7108, 84929
328, 2305
436, 3352
182, 1122
841, 4723
2643, 28260
1026, 5432
415, 2770
378, 1580
423, 2375
10547, 62453
2156, 10507
1760, 13188
583, 2685
2559, 9513
6624, 31524
3619, 14778
6207, 21504
2844, 30727
1791, 3684
121, 1188
9162, 38829
890, 8117
16249, 106162
57, 986
1418, 10161
68, 656
580, 3362
3820, 13080
3688, 14998
36547, 186453
5806, 25212
78997, 691980
4798, 33307
4345, 13623
56047, 375946
6051, 20584
9107, 44665
16628, 309953
9451, 65243
809, 7338
59535, 433753
2889, 14086
922, 6453
13757, 49015
52544, 241292
2621, 17993
1360, 15583
871, 5793
74585, 448478
9818, 115107
8304, 36060
6699, 45308
22011, 355205
13178, 71092
46768, 237827
23852, 142469
2062, 7689
6594, 82334
7639, 20443
12796, 52438
2910, 8559
3549, 18046
7043, 35171
20920, 203101
47368, 234969
10726, 51438
22434, 63954
21834, 97029
86973, 263140
32956, 186682
109204, 922728
53549, 247956
9703, 41106
11164, 38915
7948, 99675
26058, 217313
649, 3777
7140, 129633
107995, 406446
304, 2682
9757, 48844
84, 1623
516, 5571
645, 5110
2308, 27122
56360, 334781
3900, 18967
24678, 28330
4417, 20759
2132, 14707
20031, 139150
3767, 33793
121, 1799
5045, 20486
6496, 38042
1768, 7580
7383, 41559
202, 1030
3945, 30431
15251, 86784
876, 4676
1509, 8977
7202, 39547
1763, 3624
2656, 11207
725, 8593
4480, 23834
7334, 37646
3186, 9858
5319, 26407
3218, 15104
233, 1047
430, 3673
19661, 89840
13188, 115053
2535, 18446
613, 9614
9896, 75695
159589, 643726
96190, 1.35117e+06
3768, 17956
1090, 5263
4267, 38836
13822, 64172
881, 5534
28740, 132077
83, 1306
2549, 10546
4028, 28140
83459, 489375
3324, 36407
3153, 21387
17961, 150427
5003, 9940
13722, 100399
10088, 23799
19318, 88817
9926, 19302
14521, 54945
781, 5283
5408, 37309
28254, 180487
8260, 135345
1800, 8237
16006, 75048
290, 3054
10389, 35130
3883, 11719
495, 3361
5086, 40959
925, 8341
1751, 5936
2320, 8623
1393, 4901
3237, 33502
508, 1156
18623, 64163
4458, 9698
8151, 32603
2007, 15688
10195, 45933
26934, 101766
8370, 28949
295695, 1.64383e+06
5218, 22535
6911, 18943
3771, 17275
2381, 6450
891, 5529
5481, 20105
23515, 115412
2855, 17747
3294, 14611
12349, 124443
7952, 33458
12424, 51147
5038, 12207
1637, 21892
1657, 3589
19379, 85109
2886, 5991
93, 691
1783, 8803
1210, 9079
916, 5482
1880, 22196
5487, 21257
2797, 15516
701, 4780
11914, 36776
884, 7228
53, 649
220, 1288
1875, 6014
31105, 246976
11356, 31546
4080, 22326
1541, 5896
4638, 45332
6468, 37370
5620, 16706
39544, 166048
1449, 13673
8257, 52441
3418, 14915
7151, 23437
2567, 9528
3809, 20916
4407, 7668
9839, 140771
18890, 96318
21462, 97467
5359, 56670
839, 4537
7339, 21607
4465, 12598
173, 2153
1809, 9633
865, 7314
4725, 29212
305, 3031
200299, 1.0015e+06
78, 598
194, 2618
3512, 25850
1749, 5043
2277, 11625
1511, 7424
2529, 12024
2290, 11564
1135, 4751
16395, 56826
1088, 6282
35700, 179938
1226, 5805
120048, 311575
100106, 557194
3211, 8139
7805, 47963
1794, 5878
753, 7461
38218, 175116
13547, 80447
8478, 46872
2388, 5849
12137, 67725
3727, 17734
1811, 7715
856, 2942
2780, 18646
4277, 31779
22556, 160055
12656, 62821
3898, 13670
6288, 18482
8649, 33147
2977, 11225
3891, 18620
2015, 11452
3402, 14638
920, 6188
3897, 12511
6603, 21382
20545, 191903
59717, 471657
511, 3322
4195, 49581
4779, 23276
5520, 38053
5603, 21771
661, 13932
4511, 13972
6376, 33292
4551, 20477
5382, 20375
591, 2553
78536, 525072
7186, 18738
10823, 32813
788, 8634
17893, 61184
933, 9079
1031, 6952
639, 3948
4128, 13717
1232, 6512
14589, 64145
1267, 4478
3558, 25843
8677, 42963
12492, 33728
28939, 162349
8565, 47534
93926, 700635
10194, 44950
15627, 68327
2479, 13982
7038, 45042
4410, 17830
4402, 26385
15393, 74504
21635, 93680
2846, 19643
2726, 10640
35627, 422117
85265, 444597
1467, 10313
4870, 27769
1773, 19803
449, 6699
2515, 6136
2325, 12161
8479, 67223
919, 3786
109856, 914801
4526, 27566
6404, 35615
13683, 50020
11392, 53960
18145, 57018
10652, 52663
127, 1318
9551, 37877
914, 6377
1163, 9105
3759, 11115
11014, 51993
12091, 72808
601, 4844
13873, 93278
6725, 29789
6314, 64458
2371, 8358
8630, 28554
1744, 4041
3501, 45702
2824, 15693
593, 6890
23008, 104318
4456, 28032
11708, 40018
5301, 15477
8340, 95905
7082, 58995
13965, 203926
5129, 36470
8593, 30576
3626, 32749
5503, 56502
2633, 24832
4644, 21713
1788, 17427
1007, 7531
2166, 14250
11896, 35687
3097, 13551
45704, 182374
626, 4321
4915, 19634
5159, 15724
2163, 19753
1503, 8197
1462, 12860
4210, 22330
571, 5055
1698, 9639
18547, 128334
6203, 27737
14209, 239062
5868, 17955
18261, 36963
2979, 9930
1560, 19245
8233, 54638
9366, 54357
7687, 46432
64182, 511202
21860, 188201
11272, 117407
23102, 109199
5131, 27860
23248, 139336
6622, 45535
5664, 55163
8395, 123257
1882, 9815
66452, 382428
54959, 335462
16451, 46778
1197, 9365
21336, 377733
5519, 46807
2805, 21035
6798, 24349
793, 5653
2432, 14293
14752, 56438
4978, 14299
432377, 1.4842e+06
2946, 10371
5819, 14896
27505, 101681
1415, 8865
10402, 81649
14327, 99246
6271, 45079
3416, 12803
496, 2606
8224, 31952
4252, 17862
7184, 28805
83735, 171204
30781, 213542
8833, 31460
596, 2053
5839, 32816
1959, 10245
6972, 31244
2483, 8107
567, 3332
2226, 6237
40817, 237686
2981, 25271
373, 3593
3662, 20871
2881, 8229
2557, 11216
92400, 852027
36651, 330934
2255, 13824
807, 6495
3150, 13030
6117, 28940
7740, 30752
34170, 189391
235, 1690
2502, 5980
123, 729
215, 1218
817, 4600
1294, 8629
13754, 64917
5622, 23830
2242, 12275
2641, 21812
5234, 20541
6825, 49710
21226, 71548
2739, 30196
9231, 26059
15266, 45048
149, 942
215, 1684
20647, 112766
17262, 86816
2685, 10249
4350, 8446
2459, 6715
2714, 7574
15626, 51078
598, 5852
1986, 7433
2555, 6608
54834, 620304
8761, 13624
2763, 28756
5109, 33301
2865, 13472
10070, 25371
10453, 59570
11698, 194144
34248, 450110
1607, 7394
18885, 63900
12788, 111209
5336, 39256
5536, 23081
13338, 101554
5421, 39692
5769, 51925
1001, 5483
3332, 10969
1204, 9704
50495, 248723
20850, 154255
1745, 19480
7665, 45936
5796, 17557
5506, 14690
1128, 5003
6657, 51653
8746, 29113
2922, 4783
19050, 120648
6256, 35739
8097, 66836
13970, 76578
16057, 87339
3448, 36444
2965, 22598
1679, 5086
1430, 8248
619, 2863
3272, 18364
91109, 727247
5633, 46146
4230, 14951
877, 7052
274, 1926
225, 2104
1412, 11402
8445, 121473
5030, 13993
2481, 20028
38631, 126399
4325, 35545
3404, 25093
4859, 16610
4193, 23792
6992, 29780
55977, 175858
37, 592
2725, 9514
14857, 89547
3540, 14655
3040, 20642
4008, 21578
34577, 197397
9875, 20612
4983, 15651
1233, 9098
19143, 143650
969, 5825
39650, 174998
19067, 184452
1239, 13110
44516, 388305
32876, 214678
3781, 62959
2936, 14423
15977, 58433
1342, 4454
41056, 146135
837, 8978
4969, 7847
4293, 7397
1195, 2331
