21.4981, 21.5982
26.7004, 18.7002
20.8988, 20.4991
25.0999, 13.1
22.0955, 9.49826
21.0008, 19.1002
18.4986, 23.7013
26.8007, 26.3995
27.7, 14.2
21.3935, 11.3032
16.9904, 16.6019
22.4996, 14.3996
31.3012, 18.0995
21.1992, 28.399
19.2953, 9.89933
23.4002, 12.7984
24.5014, 22.699
20.5999, 8.69988
35.299, 22.9
14.8998, 10.601
18.201, 11.3
22.0997, 18.8998
17.5005, 12.0982
18.1001, 24.9001
22.8998, 18.3
21.4, 12.5
23.8981, 26.5006
18.8999, 12.9999
16.5005, 26.0004
21.0003, 10.2001
13.2007, 15.1043
23.7988, 20.7999
10.0893, 16.6964
12.2957, 9.2
22.9044, 31.5937
20.9991, 17.1989
17.7998, 8.3998
19.6028, 12.7979
15.4033, 14.8007
22.5032, 12.6015
24.9001, 13.4997
17.6006, 17.4005
20.6993, 16.4991
18.0991, 19.7996
19.1024, 12.598
19, 12.9
22.4983, 16.1008
26.2999, 15.2999
23.3016, 17.0036
23.9011, 18.5979
23.2997, 18.5996
19.5049, 35.9979
19.4011, 17.3003
19.9821, 16.5771
15.3013, 12.5987
21.0968, 8.30027
19.7996, 11.401
21.1022, 25.7027
24.8998, 7.90007
25.2061, 12.7997
23.8989, 11.2984
23.3001, 16.8
21.0002, 18.1999
19.1993, 20.2995
22.9012, 8.19955
30.6002, 12.5021
22.0002, 15.6003
26.1003, 19.3003
22.6, 6.29993
24.4001, 7.40002
20.3998, 24.1995
23.3979, 11.0034
19.0012, 15.3995
29.3006, 36.2004
22.3995, 15.1963
25.3991, 22.9018
21.8993, 17.6975
18.6008, 19.602
24.5, 12.0999
21.7001, 11.3041
18.3028, 9.70271
18.498, 18.1007
23.002, 15.8008
17.1999, 8.00016
19.7005, 12.9999
23.376, 11.0997
18.7006, 16.3002
28.0353, 6.84327
27.6, 12.3004
18.5984, 21.1015
23.1998, 16.3006
22.5983, 18.7977
23.6013, 18.8992
22.6005, 18.7003
21.0014, 13.6013
22.9009, 18.6984
27.9001, 16.4001
23.3997, 17.1017
19.9926, 11.5942
15.5996, 31.7
28.1041, 32.2024
22.0999, 14.4
22.3036, 21.8034
25.1005, 27.6992
23.4983, 17.0008
20.1933, 9.49258
24.2992, 8.79998
19.7003, 9.50015
26.3024, 6.48452
24.2014, 10.1017
25.2008, 12.1004
16.0975, 17.9992
23.8012, 22.6006
21.2894, 15.1989
25.9995, 18.9965
30.3039, 12.9957
24.7998, 17.2997
20.6144, 31.7972
19.3972, 18.0024
22.2002, 13.8998
19.299, 30.0007
21.9053, 14.4053
21.2, 23.8
21.6, 8.89996
20.1028, 27.5985
17.399, 15.2977
23.1976, 16.6986
18.9791, 15.445
26.8, 15.5003
18.997, 13.1962
22.5036, 10.5983
21.1998, 26.7006
20.8994, 17.6011
20.3966, 9.29648
15.8998, 9.3
25.3017, 29.0997
23.6998, 20.8005
21.7006, 12.7995
27.4003, 13.7002
22.8994, 11.7002
22.9993, 19.0988
24.3003, 12.1994
24.4988, 13.9018
24.9979, 18.7028
25.1995, 17.1001
25.5005, 16.4995
24.1015, 18.6023
25.299, 28.0026
15.9982, 16.3927
17.8011, 15.5004
21.6001, 14.7001
21.0004, 14.6997
17.998, 13.5002
21.2973, 15.3953
25.8022, 20.3974
27.5978, 12.8924
21.2, 21.0003
19.9003, 12.5003
24.8992, 16.7993
25.3008, 9.89792
19.6999, 12.2001
32.3015, 14.1
17.9989, 15.099
24.6009, 12.8988
25.4021, 15.0986
20.7004, 12.5996
26.1994, 19.9991
20.4001, 8.20025
21.3006, 22.2013
19.4992, 9.89968
21.5998, 33.5013
27.7001, 15.2999
19.0999, 14.5996
25.4008, 21.8991
25.4008, 38.1012
22.1979, 14.6962
33.586, 39.3003
19.5006, 13.9004
34.2017, 35.7969
16.1989, 19.0941
27.0001, 12.1999
23.8006, 8.39953
25.2989, 11.1034
24.7, 14.4991
17.6008, 20.1
22.3963, 24.0959
16.8995, 22.4999
19.8018, 22.0997
26.7001, 12.7999
19.202, 13.2998
21.7, 7.19998
24.4, 14.4002
24.1998, 13.0999
22.8999, 13.9
17.9, 12.8004
22.9, 18
23.5027, 22.5027
22.4997, 17.5001
18.8004, 23.401
36.0981, 22.8005
26.2, 17.6
20.9988, 18.1018
25.2, 24.8998
23.0969, 26.8995
33.4965, 25.5007
25.2976, 10.2012
20.5968, 12.4049
18.9789, 8.43507
31.6994, 15.2002
21.5001, 16.9996
22.2966, 15.9987
21.6003, 25.8014
23.2008, 8.29997
30.2009, 28.7959
23.4127, 17.6587
26.3991, 15.0045
20.6002, 14.1003
19.2009, 9.30448
16.6943, 16.6038
21.5006, 23.2982
17.4, 22.4033
23.6005, 15.8007
21.1004, 13.6996
19.7002, 19.2001
18.5961, 16.9988
25.6012, 34.2987
22.3979, 19.8967
19.3934, 14.6946
19.3989, 14.5984
20.3006, 15.2002
31.3, 11.4
22.5992, 16.6012
22.6989, 10.101
26.1004, 11.2996
26.9999, 7.50061
27.3002, 8.99987
20.5, 19.9998
22.9965, 9.6955
22.4003, 20.7009
21.6258, 0.920245
21.7998, 14.7019
25.2998, 14.2999
20.0997, 7.70091
21.0075, 11.0075
20.3001, 14.1999
22.8983, 16.5042
25, 19.3
22.7018, 17.1991
23.7995, 19.6998
24.207, 8.19218
25.2998, 23.8977
32.8002, 8.80081
21.1992, 19.9009
21.0034, 10.4771
20.2989, 18.2993
24.3041, 16.7975
20.2007, 18.2009
22.0996, 13.2996
23.4033, 31.2971
22.3996, 19.8
23.6996, 18.7002
24.9986, 21.8982
20.3969, 22.001
26.7999, 11.2
20.4999, 29.7999
21.0978, 32.5006
22.8982, 19.5998
21.7993, 7.30148
18.6999, 13.4999
19.601, 12.3951
21.8099, 18.6198
20.0627, 7.94148
20.0012, 21.0021
21.1, 12.4
19.6005, 6.40033
20.5929, 10.4994
25.5, 29.8
17.7986, 13.0982
19.7004, 17.8003
21.903, 23.9979
28.1068, 38.2958
19.7001, 17.4001
24.6999, 7.10033
21.5, 14.3
15.0029, 12.2951
19.5027, 14.597
25.3999, 19.0015
21.6986, 9.39823
20.0952, 15.6069
23.4994, 14.0992
23.7008, 8.80025
22.9012, 18.3996
24.3001, 11.5
25.3908, 13.204
17.2002, 16.6002
17.6991, 24.0029
29.101, 11.7
23.6996, 18.399
26.5995, 9.90113
22.8997, 17.0004
17.701, 25.898
18.8021, 23.0001
21.4001, 5.4
21.7931, 20.5967
25.2989, 12.8001
23.2996, 13.599
40.4911, 35.5802
21.1025, 12.0033
23.1005, 10.1995
20.4003, 31.2997
21.3954, 21.5998
19.4002, 17.0999
21.7996, 11.5987
26.2011, 33.5021
19.9003, 19.9998
23.3853, 12.3831
22.6998, 8.19973
22.6975, 15.0003
21.7001, 5.50006
21.6007, 16.3006
18.0976, 17.0994
22.3946, 9.70637
23.6007, 28.3997
23.5972, 9.80275
26, 8.3999
22.8039, 25.1029
23.6992, 21.1999
23.6029, 9.39508
24.2999, 13.5999
20.7999, 9.30016
20.2001, 20.3999
25.5912, 15.7132
24.1989, 10.1962
22.0002, 14.4985
26.2, 13.2002
20.1001, 22.1998
31.1003, 16.6001
24.3002, 19.5002
24.9002, 20.599
17.699, 10.9
24.9001, 17.3997
22.5996, 20.2042
22.3026, 21.3988
23.8986, 14.3015
21.0998, 19.4995
24.1999, 18.6988
20.3996, 14.099
22.1997, 21.9003
18.1084, 14.8981
20.8024, 23.4999
19.0005, 38.6972
20.596, 13.3996
20.3995, 11.9048
23.2002, 17.7998
24.198, 23.703
20.3992, 18.2014
25.2007, 17.5988
19.1002, 22.0019
22.2008, 15.2002
21.4994, 13.0011
18.0999, 20.1008
25.4006, 6.39914
24.1996, 4.89996
24.4466, 15.4957
19.2998, 14.9
25.2004, 15.4996
18.4003, 16.0991
23.8989, 6.00136
23.3, 13
22.5932, 8.69891
17.5026, 13.0905
31.6, 34.7999
26.0994, 21.797
21.9997, 12.9997
16.5945, 14.2136
21.0006, 23.7988
20.1002, 14.6998
28.0008, 7.70075
26.4998, 7.0002
25.597, 25.9001
21.1965, 17.8018
29.9001, 20.3999
21.4997, 15.8003
17.7998, 10.1003
18.2998, 11.0972
19.7002, 11.5998
26.9022, 15.1016
23.8993, 13.4982
28.5944, 7.79582
22.1977, 16.1912
22.7011, 12.4989
23.9996, 14.3985
23.5006, 12.7007
22.0985, 18.8005
24.2004, 18.9004
24.0979, 9.60023
19.103, 13.7003
23.1993, 10.7012
25.6033, 29.9029
22.5001, 5.59971
22.7026, 13.6017
19.7972, 24.4002
16.7999, 10.0994
21.4993, 15.5001
21.6003, 20.0987
19.3005, 18.0986
20.5, 16.2008
25.1954, 7.20106
22.5985, 20.299
23.9054, 21.908
16.6809, 13.6869
25.4993, 16.3004
19.0996, 22.9002
18.3997, 14.4003
27.8997, 5.0001
22.6003, 14.8997
22.5977, 26.8013
22.5982, 11.3995
24.4983, 14.7993
24.1011, 16.4993
21.301, 14.4997
21.1002, 16.4011
24.9998, 8.89988
22.0999, 13.0002
24.6004, 6.40182
22.5009, 20.9015
32.2982, 15.9006
30.3946, 24.0972
19.0018, 22.602
22.3032, 21.8008
23.0001, 15.1999
23.6007, 13.8995
14.0045, 19.7132
22.6997, 17.8995
19.6887, 4.90272
20.4001, 12.7006
23.5996, 10.4002
22.8994, 8.00065
23.0003, 23.3013
24.4948, 10.1045
15.3998, 20.4999
20.4998, 13.2011
15.7981, 7.99978
21.3992, 24.0991
27.6996, 9.69983
19.2002, 22.3002
23.4001, 13.3996
22.3941, 16.5064
15.8052, 11.8041
29.5036, 23.6029
24.9, 6.99981
20.2, 18.2001
20.3017, 13.2996
13.0002, 12.6002
21.6033, 17.8978
15.6011, 27.4998
18.9967, 19.7023
21.0996, 13.1129
24.1076, 12.7954
22.2, 19.0999
20.3004, 12.4007
22.5986, 11.9034
22.5991, 23.9986
20.5113, 15.1968
20.8999, 19.0999
27.2003, 21.3
23.5992, 13.7989
17.7994, 17.7994
24.1996, 13.2005
21.8002, 15.7001
21.3005, 15.4999
20.4017, 21.2006
26, 9.8002
21.0037, 9.69922
24.2988, 18.4009
17.8991, 17.8991
23.1005, 22.8005
23.9005, 23.0009
25.6002, 24.5
21.9021, 12.999
24.5, 8.5002
18.5995, 11.3999
23.5, 6.89998
23.0015, 24.5013
21.9, 19.8976
23.0005, 26.8011
24.4001, 6.69987
25.0134, 7.21539
20.609, 11.2143
24.1033, 14.0028
23.8014, 10.2984
24.9986, 25.2989
23.2021, 32.9964
20.9056, 15.8979
24.1993, 19.501
19.0992, 17.7005
22.8984, 10.6028
22.6993, 11.0999
23.6002, 7.50023
18.6998, 11.1997
20.6035, 21.4967
22.4982, 24.1018
24.4971, 27.1024
24.4995, 21.7
21.1021, 29.0008
21.1997, 14.9003
27.6997, 20.4997
26.0996, 10.6004
23.2982, 14.9985
24.5018, 27.5988
24.1064, 20.0087
15.0003, 16.7998
22.2001, 9.79994
18.4012, 29.6978
21.9053, 33.0947
19.5999, 22.9014
17.7006, 14.5995
19.9987, 26.5007
20.3998, 24.8996
18.8996, 18.2994
19.2018, 24.3001
28.0277, 14.8789
22.7998, 12.2991
22.9998, 12.2
27.0989, 12.6866
22.8005, 15.4007
23.3049, 17.5943
23.8, 15.1
22.7998, 18.6
23.8957, 14.8971
25.2, 12.4
29.3002, 14.8999
22.6017, 29.3005
17.5999, 36.6998
24.3029, 13.7029
23.0996, 23.4002
21.4033, 6.69764
19.6003, 16.4994
21.5983, 19.0009
20.3995, 20.2011
24.1999, 9.7999
21.7924, 44.4874
22.7975, 8.901
22.8994, 15.5991
23.1007, 15.8008
23.2055, 13.9954
21.0999, 37.698
23.1994, 12.2997
25.0002, 8.99984
24.1978, 26.398
17.796, 24.2983
24.3072, 8.99446
18.1022, 24.4976
20.5023, 20.6053
21.6008, 10.2989
22.8051, 24.7959
28.2999, 24
22.2021, 12.5028
15.4022, 10.1992
18.6006, 14.5004
16.3046, 12.4971
24.6957, 16.5055
23.3024, 18.4019
19.8018, 15.7993
24.2002, 10.1999
23.3992, 17.6944
22.3001, 19.3003
22.2998, 12.9
25.8966, 29.1026
22.7009, 13.9997
21.4993, 8.89928
26.2997, 13.9004
22.8037, 24.3974
22.9996, 11.1
23.7992, 10.1975
18.3004, 14.5004
23.999, 16.5005
20.2994, 16.1001
22.5999, 16.3026
27.6011, 38.1989
23.9022, 21.5946
24.6, 12.8001
22.3997, 17.1003
28.3135, 15.0937
20.8995, 26.1011
21.8002, 23.0001
24.4005, 11.0996
23.6991, 18.5999
24.6993, 24.2998
23.9002, 20.8996
22.4001, 9.09522
19.6988, 11.0018
21.7003, 17.8996
22.9006, 13.2999
21.898, 27.6038
18.0008, 21.9992
29.5982, 15.4989
18.9984, 17.6972
22.9991, 20.6005
18.2999, 14.1001
27.2001, 7.80002
28.3063, 20.3845
23.1008, 9.3001
22.9017, 16.5983
26.7993, 26.6995
21.602, 25.4001
21.8003, 19.8005
26.0001, 8.29976
18.5007, 9.80007
22.4004, 13.5991
18.0001, 16.5996
18.9962, 17.0891
22.4004, 9.29966
20.8996, 16.9001
22.3008, 24.9996
27.9985, 12.4982
23.0997, 10.2002
26.6121, 6.39713
24.2, 17.3002
23.0996, 26.3985
12.8889, 16.4938
24.6018, 31.7991
21.397, 32.6993
27.1022, 19.395
23.4, 10.5
24.7003, 8.59757
23.0992, 24.0004
26.6004, 23.0975
22.6, 16.9
16.3004, 8.29352
24.1996, 14.801
21.7003, 17.7993
17.7013, 13.4016
18.5002, 17.8007
18.2987, 20.8984
23.5997, 26.3014
34.6007, 44.1894
19.6006, 14.701
24.7995, 13.3996
23.4993, 16.8994
18.1895, 22.1973
21.7668, 15.4064
23.9024, 14.6992
23.5967, 13.7024
22.4922, 21.303
22.1, 20.0005
24.802, 29.8992
25.7002, 12.7004
23.8996, 17.5986
22.8996, 17.5996
21.8969, 17.8028
19.2969, 8.69316
24.9, 20.6003
30, 13.798
22.5002, 16.6003
25.1001, 20.2003
21.1996, 20.6022
25.4992, 15.7999
19.801, 14.4021
22.4026, 19.5964
21.9012, 20.6007
17.9993, 16.7988
23.501, 21.0994
22.0009, 16.6008
21.3995, 15.9002
20.998, 12.5976
24.2001, 14.7001
22.7016, 19.1028
24.9019, 31.1982
27.9002, 26.2997
22.7016, 20.8044
24.5023, 18.8983
25.6034, 16.7104
19.4018, 19.5019
23.4961, 6.7053
26.8012, 26.496
23.9972, 17.3971
22.2003, 12.8997
14.291, 29.1045
25.1103, 25.1986
22.5, 18.7996
25.3997, 9.09978
22.8007, 13.902
21.3936, 23.6027
19.5999, 11.4
25.8001, 17.0001
23.8003, 17.5
20.3001, 8.2999
18.2996, 17.5994
21.0034, 16.302
24.5043, 11.5985
22.1012, 9.80141
27.0007, 18.8997
15.5003, 14.9989
14.6067, 14.6067
17.5121, 16.1111
22.0973, 13.298
23.3035, 9.60104
24.6, 19.1017
16.8976, 10.302
21.5, 18.3
19.7999, 15.9009
21.1064, 20.5952
23.0081, 8.59445
24.9999, 7.59995
29.0024, 16.9017
23.5995, 17.3996
31.9972, 18.0939
25.1996, 35.499
22.2953, 19.7034
28.5995, 6.40052
23.3022, 22.8019
26.9, 19.1
21.1, 12.9001
21.0262, 10.0948
22.3, 27.4008
19.5989, 8.79957
24.1992, 13.7003
23.1006, 24.0004
22.5, 13.2999
22.6998, 16.3002
21.5001, 18.5
21.8999, 13.3996
29.2004, 12.8999
24.3002, 15.2002
26.2022, 14.7041
28.9033, 21.2049
33.2999, 7.9001
23.0023, 12.2002
18.403, 19.2988
21.8016, 15.5987
22.3051, 16.0013
27.9009, 14.7991
25, 21.8965
21.9936, 20.7946
21.8082, 23.5068
24.6997, 22.5997
21.5979, 14.0015
24.6999, 19.9001
23.7, 19.0001
21.6998, 19.0002
24.7009, 12.3988
16.798, 9.90388
22.6022, 19.0004
20.9014, 29.6013
26.7001, 9.79972
22.0992, 13.4984
31.8989, 18.9008
23.5992, 9.09991
24.6988, 27.1014
21.796, 19.4966
24.8002, 14.1004
20.1857, 10.11
19.9983, 22.6041
16.1967, 20.5027
23.5004, 13.9003
21.2002, 21.7992
23.8016, 8.39752
18.9, 22.3004
18.2006, 14.2011
27.5999, 4.90024
21.3, 21.2011
22.4, 10.3
20.9006, 15.5005
20.2987, 16.4009
21.9931, 17.9076
18.7923, 11.4003
22.7978, 20.9007
26.1, 8.70006
20.9, 19.1001
23.0009, 13.7995
21.3002, 14.4998
25.6034, 30.0962
20.9794, 13.5052
23.0056, 4.70779
26.1091, 14.2043
35.0936, 33.2921
18.8909, 18.8007
20.5971, 20.8976
22.6019, 9.70874
19.1025, 7.80041
24.1002, 10.9003
20.0986, 12.7018
23.4009, 15.4009
31.8966, 18.1034
25.7012, 31.5
30.3995, 26.5037
20.2986, 13.1986
17.5, 18.6
20.8882, 8.38816
19.0985, 17.4011
24.8011, 11.2072
17.6975, 15.5047
20.9001, 19.7988
27.5979, 7.3994
23.5004, 10.7011
20.7002, 9.00038
20.4247, 14.9141
21.8059, 12.3063
19.7008, 16.709
19.7984, 29.0034
16.8011, 10.0987
21.4009, 16.4989
25.5003, 12.1002
24.8996, 31.2
28.3001, 3.90004
26.9002, 16.1
25.5015, 10.3022
18.9999, 18.9999
21.1008, 10.7991
21.4971, 22.5971
25.8, 14.3
18.2009, 10.2007
19.5004, 18.7002
22.8052, 12.0081
26.2009, 15.7999
20.6005, 15.0991
25.4001, 27.0002
22.3982, 28.4986
23.4, 6.90002
24.0997, 8.30086
23.0995, 10.8997
34.2983, 8.90088
18.2991, 10.1003
21.2089, 8.11241
25.8997, 25.5998
22.7097, 10.0932
20, 15.7003
24.9006, 26.3001
21.9999, 18.5
20.2, 8.99996
22.9, 16.9
25.7002, 19.7
24.0991, 17.7989
23.2006, 10.8993
25.2026, 31.5985
22.8001, 19.2
24.8965, 48.0032
19.5023, 17.3018
21.4018, 18.9976
21.7003, 10.8004
20.5004, 15.7004
27.7042, 31.3015
29.7997, 15.9002
22.2129, 13.7989
26.3002, 12.4993
21.0975, 18.4014
23.1992, 25.1998
19.3989, 19.8998
19.404, 16.0992
22.6965, 12.5031
23.0014, 11.3949
23.7954, 12.9043
20.2235, 18.4141
26.9004, 11.1993
23.7005, 9.09965
20.8999, 9.00009
25.1, 12.3999
28.3, 23.2999
22.5005, 6.50134
21.9981, 20.3982
20.0817, 18.4855
19.7987, 10.3994
27.9, 16.6999
28.0995, 8.79923
18.7956, 31.804
21.9005, 16.1996
23.3012, 16
27.0003, 11.9002
18.0069, 6.89925
23.0004, 13.4001
26.4007, 16.2988
25.1022, 29.4001
31.0037, 9.99906
21.6016, 12.5025
20.5999, 10.8993
19.9883, 14.9036
23.8008, 29.0004
20.8011, 22.3005
20.7, 14.6
21.0002, 13.2998
21.8002, 16.9
21.9993, 25.3995
20.8, 18.0999
17.0316, 22.2628
22, 11.2
24.2, 16.6
17.2988, 11.9005
20.0036, 11.0961
17.6, 15.902
21.9007, 27.2029
22.0997, 19.0001
22.9931, 13.9247
26.4006, 24.5015
26.7021, 27.9042
24.1, 8.40001
23.502, 7.20091
23.8, 5.90002
23.6, 9.10002
24.4998, 11.8998
20.4997, 22.7019
17.8963, 17.3996
25.9009, 5.88803
26.601, 3.99971
21.202, 20.9018
17.6988, 22.9992
21.0002, 17.199
21.9983, 12.803
22.4014, 13.2796
23.9004, 14.5999
23.8996, 5.60016
21.702, 19.9004
23.9003, 7.69988
21.2014, 11.4978
21.701, 17.0005
22.601, 23.0015
21.0999, 18.9001
24, 20.1007
19.5002, 18.4001
20.8992, 14.0012
20.8996, 11.6015
20.5996, 21.2
21.8986, 25.7015
20.3985, 13.8
18.5992, 20.6991
23.7004, 12.1005
20.5087, 8.79703
31.0994, 15.9988
20.6996, 17.0974
18.1001, 16.6003
22.5001, 14.1998
24.297, 22.2001
24.2001, 19.8002
14.9967, 14.3048
23.5002, 20.9998
23.1013, 12.6019
23.2006, 13.3003
22.0006, 28.8994
27.1978, 20.3059
20.4969, 12.6974
21.2019, 7.10179
21.4118, 15.3725
21.8998, 9.79962
22.801, 10.4982
30.3003, 15.4994
7.39558, 16.2942
20.5982, 16.5005
23.0997, 27.5999
28.8999, 7.60002
23.7001, 18.5999
27.9, 8.4
21.3861, 11.0946
22.6018, 11.8982
25.4978, 29.9007
26.2022, 23.0002
24.2999, 21.9012
23.6001, 20.4999
16.5975, 20.6009
21.9008, 18.9005
22.7961, 11.0962
33.9989, 12.2034
22.1004, 19.1013
24.7013, 13.4996
24.8018, 13.0998
20.9002, 16.5998
18.2002, 12.0996
18.6988, 15.5994
23.6002, 12.5005
24.4989, 23.0052
23.0003, 16.0993
19.2133, 12.9064
19.8997, 19.1994
23.7, 18.1
22.8998, 10.9999
20.999, 15.1007
24.1981, 14.3962
19.7008, 13.9998
23.0994, 10.199
33.5, 20.1995
23.8999, 6.09993
23.5005, 7.10028
20.2998, 18.5996
21.9001, 10.9987
23.0999, 15.6006
16.5004, 17.5992
22.0023, 10.1965
28.3982, 12.4038
25.4993, 14.9989
28.8999, 26
24.4024, 23.9976
20.5176, 12.0148
20.3959, 18.6969
23.2, 17.6
20.1989, 13.3002
23.8976, 15.5024
21.0056, 22.2027
20.8003, 16.1002
24.1992, 11.3997
21.5008, 11.099
22.5041, 16.2029
22.1992, 26.499
22.1022, 11.702
35.0991, 16.7979
23.8951, 25.3065
19.9017, 17.199
25.6025, 20.7009
20.4999, 14.0996
22.999, 17.6991
24.7, 13.2999
17.5824, 9.41915
25.8993, 11.9002
22.9183, 10.466
19.0215, 12.9805
25.6994, 13.9006
25.2986, 11.5048
19.9097, 12.0993
20.8997, 20.7004
22.1023, 19.1007
19.7985, 13.8987
24.9011, 19.0995
18.3994, 15.4934
21.2027, 14.7989
23.0998, 17.9001
21.5959, 19.5989
30.1991, 12.0993
24.0999, 8.10011
23.5978, 18.2023
23.3999, 21
20.7008, 12.5993
22.1998, 21.2002
24.5971, 17.1989
26.1983, 18.5985
20.0007, 21.2002
23.1997, 11.4992
24.3006, 18.6995
20.3995, 21.6006
20.3977, 24.0984
20.9995, 19.4988
20.7018, 13.2977
19.4005, 11.9984
19.824, 11.8012
20.5002, 21.7004
13.7967, 28.4985
18.6977, 10.8016
31.3011, 33.7033
17.103, 24.5031
19.2987, 21.4002
24.0092, 21.3888
25.8714, 4.1828
26.7001, 18.8016
22.9001, 8.09999
20.5003, 9.20008
23.0995, 19.2005
16.0005, 20.3025
20.1878, 20.6573
23.6164, 12.3836
21.6982, 14.7039
26.4979, 21.8991
19.101, 5.5981
22.9003, 9.90026
28.1997, 20.7979
25.5999, 21.0002
20.0977, 18.2995
23.6041, 8.0203
23.799, 10.3044
25.699, 30.0998
24.3993, 13.9005
17.1998, 11.2003
28.3004, 22.2989
19.9922, 11.1847
21.2055, 21.1013
21.0987, 20.3989
20.3998, 15.9999
18.9019, 6.90592
20.8004, 11.6995
18.3968, 11.1027
22.6959, 13.7024
16.2044, 15.1137
21.6985, 17.2981
23.5009, 9.89859
20.7995, 18.6002
31.9985, 12.999
27.3005, 18.002
21.5917, 10.1075
18.5091, 14.1889
20.517, 18.7399
20.8001, 20.1987
23.7947, 8.79804
18.3983, 17.2981
22.4002, 11.3935
30.1996, 20.3002
20.2994, 16.6007
19.9025, 14.5974
21.3009, 15.4
20.4992, 19.1
24.4006, 18.6001
29.2009, 11.197
25.6987, 14.5982
21.1006, 18.9994
23.7993, 23.2992
23.7999, 15.7001
17.9023, 19.1016
24.5965, 5.38048
24.2143, 12.087
22.9985, 11.4993
20.9001, 21.8962
23.1012, 10.2987
19.5007, 19.701
23.3018, 32.9007
24.6006, 17.1007
19.1025, 22.2984
22.9022, 13
21.9964, 13.1979
22.5998, 14.0011
21.0001, 18.7001
19.9986, 18.1977
21.5, 23.3016
17.1993, 15.1
20.7002, 13.9
19.1, 14.7002
20, 22.0004
24.3025, 12.0015
28.0976, 15.9961
17.4985, 21.5992
21.8988, 17.8996
23.5001, 15.8
21.3021, 16.103
23.0998, 23.0998
19.8992, 9.90083
25.8003, 17.6001
22.6939, 19.208
23.7007, 21.9007
18.4994, 6.98577
22.0006, 19.1005
23.402, 6.99798
25.8999, 8.9995
23.4971, 15.7988
21.6015, 29.6983
20.7028, 17.5022
26.2003, 9.69983
22.8012, 20.3006
22.8, 18.1001
15.498, 16.4012
17.9014, 17.6979
22.1974, 10.2966
27.8, 13.9
22.4147, 14.889
23.1989, 20.799
19.0959, 7.79423
23.3008, 26.6004
27.6987, 22.3013
21.8992, 27.4004
20.8011, 21.3011
26.5002, 18.6998
26.6994, 13.6993
23.6098, 23.8004
23.3993, 19.2001
19.2981, 23.5977
23.0006, 12.2974
22.2999, 17.1046
28.5001, 5.10008
29.8886, 11.2178
24.4992, 10.104
15.1007, 9.39555
23.3, 18.0001
21.2001, 16.6001
20.7952, 12.5991
31.3074, 7.19653
22.5, 17.6999
15.5997, 13
20.0996, 18.0003
21.7002, 14.9
22.4994, 25.1997
16.3004, 30.6029
22.6988, 10.4017
20.599, 13.6016
24.1004, 7.59954
25.4998, 14.2008
17.3998, 13.9992
22.1006, 18.699
22.6993, 13.9998
21.1957, 30.7947
19.7994, 16.9002
20.9865, 12.4066
22.6996, 5.10018
29.0071, 17.0085
32.9921, 15.7941
24.3986, 22.7995
26.6992, 29.6006
20, 24.5985
23.5998, 26.6039
20.9982, 8.60147
20.0048, 23.5892
25.1002, 15.8
23.2985, 18.0998
20.8002, 22.6015
24.8, 10.9006
14.7877, 16.6911
22.4, 17.6
20.2973, 15.7006
22.9999, 7.40009
22.7, 31.2999
21.7927, 12.1134
24.8034, 28.8063
27.1999, 17.2004
20.3059, 18.5939
23.8054, 16.5005
25.4984, 14.9003
22.0009, 7.99976
27.1, 18.5
22.5984, 9.59927
22.6011, 13.1988
23.3003, 23.1013
24.7019, 16.2982
24.3, 19.9002
20.9998, 18.4006
24.9005, 16.0004
21.5006, 17.7004
16.1992, 33.4998
21.4013, 25.401
24.4018, 26.6011
21.7, 11.6
21.1036, 8.60568
25.201, 12.8001
28.9089, 10.3994
24.2013, 17.4007
20.1075, 18.8941
22.0001, 18.3001
21.0999, 16.1999
19.8285, 5.89496
23.6001, 16.9999
18.4006, 16.5997
23.7009, 21.0998
23.5973, 24.3041
31.6029, 11.6986
26.3985, 27.4018
18.3054, 11.3071
23.3994, 17.7007
19.6997, 14.1
23.2997, 18.8011
22.0003, 18.9002
25.9003, 5.00013
28.1002, 26.7004
22.3, 12.8
23.3999, 10.7
21.1984, 14.3979
27.0998, 11.1998
22.2981, 17.9008
22.601, 10.5007
20.9001, 16.9997
23.9019, 17.1012
22.3988, 18.0997
23.9002, 13.4982
21.0005, 19.1995
19.7999, 17.1003
21.1, 15.0006
18.7001, 15.4002
19.8001, 25.9997
22.7068, 10.7143
19.793, 18.2932
21.8012, 17.4008
16.9975, 21.5967
23.2895, 24.2982
33.6001, 34.8
24.2003, 19.5005
13.3007, 10.1868
17.8, 20.0996
27.0005, 18.9021
23.9009, 16.9995
23.2, 16.8
21.7, 8.60004
22.2998, 19.7011
25.2001, 25.2998
18.7023, 5.08906
21.7166, 15.5119
23.1993, 15.899
26.8991, 15.7017
22.7035, 5.21921
28.8001, 22.9002
20.3003, 23.8015
26.7999, 43.5018
33.1997, 15.8003
19.907, 12.2896
24.0027, 10.199
21.5, 9.79998
24.9989, 11.6015
20.6005, 12.0992
20.3297, 12.7747
19.4044, 14.8895
25.3019, 20.0982
22.8006, 18.8007
25.1997, 19.3007
19.3001, 18.6001
21.5985, 14.1992
20.8056, 11.8978
20.6001, 23.0004
23.7002, 18.0002
25.7003, 15.2001
21.4004, 10.8976
21.7975, 23.5031
19.7001, 19.7001
26.1037, 23.2
25.1984, 11.5991
23.0002, 16.7
24.6, 4.59998
21.7049, 18.2006
23.7975, 10.2955
21.9012, 15.3011
24.2003, 23.7996
20.9984, 13.2018
20.2999, 16.8
24.5095, 44.0984
15.506, 20.5973
21.5993, 21.0995
23.8012, 11.3989
19.5002, 20.4
22.9046, 10.1971
27.299, 12.2982
27.3996, 44.9033
22.0017, 13.9013
23.9002, 19.8999
21.1998, 4.00025
18.8, 12.6995
22.3996, 12.0008
19.6008, 15.7992
24.6994, 13.4993
23.5972, 13.1944
26.3997, 15.7994
18.0056, 25.599
21.4183, 8.09456
26.5001, 20.7
21.7001, 19.2006
23.8001, 14.3993
20, 17.5023
28.5, 23.2999
23.9996, 23.6992
17.4999, 15.1
18.2998, 17.7
20.4001, 21.8998
20.5975, 12.7974
23.1997, 15.7993
17.1007, 19.0008
23.2977, 10.9008
23.2991, 9.80063
23.8998, 13.7999
22.1728, 8.70394
16.5013, 14.2004
21.8954, 23.6973
29.201, 20.8995
15.9033, 16.3934
22.1995, 13.6985
22.2979, 21.1995
17.3997, 31.4999
24.4006, 7.9999
18.9, 9.00032
21.0987, 12.0004
15.0322, 32.4982
21.299, 12.5008
21.8982, 15.7011
18.1966, 18.7009
21.7053, 16.7024
22.3021, 20.6015
21.6994, 15.9992
20.4004, 28.402
17.765, 8.88252
18.8008, 19.8992
25.7007, 15.8995
22.2975, 10.502
18.0002, 30.4003
24.2009, 13.0008
25.7995, 9.40247
22.2966, 34.2012
22.1001, 17
22.5046, 11.6954
24, 17.4
24.1999, 15.9002
17.1006, 21.8003
24.0992, 24.6
25.6981, 16.5013
20.9999, 17.1998
34.0867, 22.2969
19.0958, 22.1041
26.1008, 12.701
22.3998, 16.8991
21.7984, 19.0002
20.9994, 8.70038
24.0024, 21.7019
22.4995, 11.8003
22.9035, 6.59877
24.4989, 7.70127
25.4996, 18.4001
23.4986, 22.1011
21.3986, 23.6989
24.2996, 17.7993
26.1013, 14.6985
27.4985, 24.4969
11.9782, 7.39564
25.9015, 18.801
21.0032, 27.0005
21.9, 16.5
23.1, 18
23.2997, 23.9
20.9, 8.59995
17.5018, 17.2028
24.1028, 31.502
16.8023, 12.3983
34.7989, 13.1009
21.7989, 16.4997
21.2993, 13.5994
23.5004, 7.70088
22.7, 16.7
24.0001, 11.3
23.2004, 40.0053
20.9984, 7.80412
22.0041, 13.606
24.8004, 15.4001
19.4995, 16.5997
24.2053, 20.6929
24.0988, 19.7999
21.1994, 15.3009
20.8003, 18.3002
23.7001, 20.9999
13.4015, 13.2989
22.3994, 11.1997
22.8995, 11.2003
22.5973, 29.4027
24.2, 16.7
23.2187, 12.2073
30.8002, 18.3013
21.5985, 7.59825
24.7998, 16.9005
19.4873, 12.4877
30.0095, 14.0057
28.2011, 21.701
19.2999, 9.49942
24.7991, 20.1
19.5959, 22.8018
20.4003, 17.7001
18.4985, 14.1021
25.4002, 10.6
25.3, 6.50006
22.5991, 24.3014
21.7008, 17.6005
19.8071, 13.6933
17.4982, 26.4013
26.3998, 12.0002
21.9993, 7.50029
26.4002, 17.2001
23.4982, 22.1021
24.5006, 16.6012
21.8001, 8.30155
25.5996, 23.0004
18.9956, 16.7031
21.1282, 14.359
17.802, 18.4992
19.5995, 20.2
35.1039, 14.6958
18.7845, 12.4058
22.1008, 6.19947
20.5001, 13.6011
22.6004, 11.8003
22.1001, 19.0999
0, 14.6067
21.6971, 16.2987
21.8016, 13.5028
20.5001, 14.0998
23.5994, 13.6006
27.1, 11.1
22.8977, 7.80259
24.0997, 16.3996
21.1995, 23.2993
22.3001, 11.1997
27.5999, 13.2997
25.1, 18.2
24.5033, 4.90668
29.1954, 10.0894
20.6009, 11.2055
20.8009, 33.2973
23.0997, 8.59996
29.7998, 4.80016
23.4002, 9.30041
25.5, 32.75
19.8998, 13.4
24.0998, 14.0003
23.6, 12.8998
16.998, 13.1988
25.0999, 15.5
19.4001, 8.69992
21.5287, 8.66242
24.5002, 13.6998
23.204, 13.1952
29.4, 22.9
19.3999, 14.9005
23.6, 16.7002
22.7968, 10.198
22.0016, 9.40129
17.0952, 15.7871
20, 15.5556
21.2871, 10.396
22.1115, 13.0083
18.995, 19.4908
26.1992, 7.09866
23.5018, 9.50204
18.7038, 9.19861
20.6107, 5.72519
21, 11.5
27.0989, 8.299
21.9018, 12.4968
27.5, 20.9997
23.3, 23.2
22.1084, 9.20197
19.0868, 25.6948
20.4708, 17.4037
20.6924, 12.2961
23.8967, 22.6007
22.4975, 13.8008
20.8999, 10.4
18.0989, 22.6001
21.6009, 9.80834
21.5003, 18.9
24.5014, 24.5014
20.5024, 17.5016
20.4002, 23.0997
20.0004, 16.7009
21.2004, 13.9992
23.8002, 34.7003
18.399, 10.8
24.1, 26.3
24.0981, 13.9943
23.3001, 14.2005
21.4999, 14.6
26.1016, 20.788
25.9974, 11.6974
18.9017, 14.1024
23.6, 13.4002
24.6996, 11.8999
21.9025, 8.69794
20.3998, 14.0004
17.399, 19.4009
19.4002, 11.4005
22.8991, 14.1991
20.6984, 21.7019
33.5987, 16.5002
20.993, 8.70089
22.0003, 16.4998
22.0998, 12.1996
23.6021, 15.3006
20.4034, 7.99594
20.0001, 13.6001
24.6988, 19.6986
23.9, 16.7002
20.1941, 24.1035
20.1019, 20.2037
23.2991, 9.4989
18.0994, 25.5998
24.8976, 11.7012
23.6003, 14.1002
28.0809, 21.0914
18.4022, 7.9122
20.4007, 25
23.0937, 14.2993
19.8001, 13.7999
25.4, 9.00004
24.4001, 17.8001
16.9033, 27.8988
18.8015, 13.5955
24.2001, 22.3994
20.9, 9.19993
18.4996, 20.0944
19.696, 16.3001
15.5943, 31.6996
21.7024, 22.2987
20.7008, 18.8993
25.8008, 17.3996
23.7001, 19.1002
28.2967, 22.1011
21.1985, 12.5987
23.4025, 16.8982
23.1001, 15.2001
24.1, 10.5001
21.9, 21.0005
15.0036, 11.6987
26.7931, 9.30271
21.2804, 10.3142
19.0999, 19.9999
19.9021, 14.4977
25.5953, 26.7039
22.0004, 11.0002
23.4996, 10.8
20.5, 14.0999
22.3977, 16.897
19.0009, 17.7982
16.999, 16.9013
18.4999, 20.4004
22.6036, 16.796
20.5003, 17.2005
23.9995, 24.0999
23.2014, 25.9988
23.6008, 21.7996
24.7999, 24.6996
22.3994, 20.6003
23.5992, 8.3008
21.7015, 17.4986
22.5976, 25.3972
18.8026, 13.2998
22.3, 15.2
23.1017, 26.9995
25.5004, 18.5993
23.9962, 18.797
22.4007, 18.3
20.4999, 14.4
18.2991, 14.4016
24.8995, 18.101
24.0007, 22.2001
24.5013, 8.80086
30.4004, 15.0002
27.9998, 27.698
24.3004, 10.6996
22.8998, 10.6997
21.5999, 21.9999
19.6045, 31.501
18.7, 15.4
26.7994, 11.1987
21.6006, 15.0995
20.2994, 10.701
19.0018, 37.2004
25.7995, 18.3
25.2992, 18.8998
20.7, 27.9998
22.6018, 12.4
19.3018, 26.8005
17.399, 11.1978
27.0002, 40.3984
22.8001, 13.7001
18.1983, 23.298
21.8997, 14.1004
22.8999, 23.7001
19.1001, 23.1999
22.3, 17.6976
21.5974, 22.5957
21.602, 25.3007
19.7991, 23.6993
21.8006, 10.4
23.0068, 17.8999
22.9035, 29.0994
22.7954, 15.003
23.6003, 13.5011
22.1989, 19.8975
21.9, 15.4004
20.3972, 20.2997
12.2965, 25.1949
23.6998, 13.1999
18.9952, 24.1029
28.7003, 18.7
21.1954, 20.9835
25.0995, 18.4006
23.6997, 12.0001
23.3998, 14.7003
23.0998, 21.5014
20.2995, 30.4009
17.8024, 27.0007
19.6915, 13.7024
19.1026, 26.5022
30.9067, 16.5914
24.3132, 12.7881
23.6981, 25.3999
17.6002, 11.7003
22.4084, 8.70767
26.4005, 13.6003
24.6988, 23.4996
18.4, 17.898
21.9006, 15.5996
24.4004, 11.4003
18.5984, 14.7011
22.7045, 17.3032
24.5992, 15.8988
17, 16.0001
29.2, 4.50066
22.499, 16.3005
21.6976, 14.2049
20.4015, 11.101
22.499, 27.2993
26.9995, 6.89934
23.8001, 9.70007
23.3004, 12.9025
23.7999, 15.1003
23.2003, 17.7997
26.7098, 10.8922
19.4002, 6.40024
22.1992, 13.9962
19.9983, 17.1036
26.3004, 13.3001
21.5999, 10.3
20.5043, 16.9035
23.1002, 6.20003
21.0988, 17.7971
18.7006, 13.4007
15.4997, 14.1005
22.4019, 17.6018
18.8022, 17.599
19.0009, 13.8002
22.2978, 12.8132
24.2007, 21.2007
21.2963, 10.0823
24.1333, 12.1333
24.0007, 15.9009
23.6991, 13.0997
20.6999, 19.8003
28.8027, 19.2018
26.3999, 13.2007
22.7999, 14.6002
23.3005, 4.39995
22.8, 17.8
19.8007, 16.0997
29.4001, 3.60006
23.1968, 12.2032
20.9998, 10.3005
20.2381, 25.8503
25.2021, 16.5967
30.2326, 11.6279
23.1002, 26.7013
24.8003, 24.2999
24.1001, 25.3993
24.2001, 20.4001
23.2962, 16.998
23.1999, 20.7999
16.4955, 18.5963
18.8992, 18.1005
25.8988, 29.7005
18.6989, 22.5975
19.5998, 15.5999
20.8003, 14.1999
28.7078, 16.9977
19.9995, 24.7005
27.2916, 20.2045
28.1007, 8.00308
22.3985, 21.1008
15.3025, 16.7972
24.8003, 14.4009
22.4005, 14.9993
16.7995, 15.2961
21.9001, 12.5
18.3012, 27.2999
19.9028, 29.4011
22.3996, 17.6004
23.7031, 16.2026
18.8989, 21.2989
24.6011, 21.2016
21.4991, 12.3996
27.5998, 22.8
24.5968, 40.3023
22.4, 12.7999
23.5006, 22.5985
20.0022, 22.5024
23.0997, 17.9005
25.9978, 8.89871
26.9993, 35.801
22.1999, 13.9998
22.0998, 17.3
21.1003, 21.4003
23.3021, 21.402
25.5999, 12.6996
15.7033, 8.69565
19.1001, 17.2992
24.7001, 14.2008
20.3001, 11.3004
21.3011, 11
23.0001, 20.0004
21.4992, 25.2002
21.0002, 13.3009
22.8994, 28.5991
23.7014, 15.9008
30.6085, 26.1944
20.5001, 17.6
25.0065, 12.6065
25.1985, 27.3988
24.8979, 6.99881
27.0003, 11.6989
19.4999, 15.1001
17.801, 16.9001
21.2001, 9.7006
23.4004, 10.9
22.9985, 23.998
25.1, 16.7
21.9017, 16.6981
20.5001, 7.7001
19.599, 13.1992
21.1985, 20.9012
17.297, 18.8978
18.7999, 18.0999
21.8029, 20.4956
24.1001, 9.20126
22.9991, 18.0991
24.9001, 20.4
21.6006, 12.0003
23.7017, 16.9991
23.4993, 16.1999
24.1998, 28.2009
21.2005, 18.4997
25.4, 18.5999
23.399, 27.4011
21.3011, 18.1997
18.3959, 23.2043
19.9004, 15.9006
16.7006, 16.1011
20.699, 30.7012
18.0995, 15.6998
19.6013, 13.6013
24.5002, 19.5
24.9009, 12.1005
19.9018, 11.0038
25.4994, 15.1994
23.0961, 12.2027
20.1014, 11.6015
22.8948, 7.90061
22.1008, 22.2001
23.8969, 17.297
21.3965, 18.5992
23.7999, 16.2013
20.1012, 16.1001
16.8001, 13
23.1991, 14.6035
20.603, 35.0961
21.6024, 10.7023
20.7001, 23.1986
30.2015, 15.8059
23.3025, 27.1971
21.0966, 16.2973
23.599, 19.2998
20.7015, 16.1983
20.0933, 13.6085
19.2996, 17.3
21.1985, 18.9999
21.8987, 16.3033
25.4991, 21.1013
27.3002, 9.89968
16.8968, 10.0951
22.2999, 10.6
23.6005, 15.3996
31.8994, 30.5
24.2993, 19.7006
25.8007, 11.5992
19.8937, 7.37898
26.1993, 7.80669
12.7971, 17.205
21.8997, 16.1997
22.2023, 30.2973
23.4053, 16.5996
25.7005, 26.0998
26.2982, 21.7982
16.5997, 23.0991
20.7005, 21.8993
20.5986, 36.3018
25.1989, 22.1993
25.0001, 7.70007
23.1964, 14.1951
19.0024, 14.9008
18.9932, 13.8165
20.2011, 20.6989
20.0992, 16.6001
29.4016, 13.7959
30.6999, 34.9996
22.0997, 14.2002
23.697, 18.8014
21.9983, 10.9
24.7998, 22
23.8002, 8.50008
21.7003, 18.3008
20.4969, 19.2547
22.7015, 22.5987
23.2003, 8.20081
25.3012, 13.6546
22.1902, 19.8847
27.1058, 9.50195
24.4998, 16.8983
23.9991, 11.0014
18.7264, 13.5996
24.6, 15.4
19.1011, 19.6012
18.8996, 22.9009
23.5001, 7.39992
23.9007, 17.6995
24.6981, 10.2004
21.7007, 21.8979
20.5025, 20.6991
30.8095, 36.619
22.4025, 9.80111
17.606, 23.5212
21.8996, 20.0002
20.4072, 27.5012
19.7014, 13.5996
32.7952, 31.402
30, 25.4001
21.7999, 10.0972
22.0977, 16.8019
24.0925, 20.3012
22.2959, 7.29476
21.9001, 11.2
25.3998, 9.39972
20.2996, 13.4997
21.0002, 22.1996
22.3983, 21.101
23.2938, 12.6062
19.9, 8.70008
22.3999, 14.6997
23.6036, 20
20.6, 19.9
21.5998, 17.1998
25.6992, 9.49973
23.2002, 13
19.4, 6.39979
20.6, 8.10003
22, 8.49997
15.604, 9.39604
21.9006, 13.3997
27.5999, 10.3998
22.6005, 15.299
24.798, 19.1994
31.3977, 13.3032
24.3007, 13.9005
24.0997, 19.4989
23.3971, 22.9943
23.5989, 20.8981
24.1993, 6.99885
22.4025, 13.1006
24.4, 21.6
23.7047, 9.49914
12.6074, 6.44699
18.2993, 18.3932
19.1111, 20.5111
20.0015, 15.7988
22.0991, 22.9001
28.8983, 13.6004
25.0998, 10.8999
23.2028, 15.1027
26.7006, 24.9011
22.4002, 26.8971
19.4003, 16.5001
23.7012, 26.2
23.8983, 7.09713
21.8014, 9.70719
18.601, 18.3006
19.9978, 11.7012
24.0001, 19.7999
20.1042, 21.0019
25.8973, 11.5022
18.7002, 19.4
25, 11.4026
22.3, 7.00007
19.497, 8.50182
21.3984, 9.004
15.9999, 22.4003
23.4018, 28.6007
21.1949, 28.8051
15.3002, 13.4995
20.9013, 12.9016
23.5971, 11.7985
22.8011, 5.40004
16.1003, 25.0999
22.4028, 25.1962
22.4003, 12.2998
22.6025, 14.7008
23.0009, 21.601
21.5, 15.0001
20.8987, 18.9976
21.3001, 12.0002
21.5993, 19.6007
25.3002, 14.4009
20.9027, 13.5989
23.0016, 15.6005
22.8992, 18.5998
26.4, 16.9999
22.6991, 19.3
23.9998, 21.2
19.2028, 21.9996
22.2, 24.5023
22.5986, 16.1021
20.5014, 14.1013
23.3, 16.8012
23.9014, 19.4011
24.2011, 25.0018
23.5, 6.7
22.8021, 17.4985
22.9038, 31.0962
23.2013, 25.5996
22.5999, 18.7007
22.5, 17.7001
22.0001, 6.09997
27.1998, 16.4002
26.8, 12.3999
16, 24.5002
15.2043, 18.0968
20.5998, 9.99946
22.499, 16.0008
25.5065, 11.9051
21.1997, 15.6
20.0981, 13.1983
31.2985, 15.4009
19.2073, 19.7082
24.3012, 26.4985
23.0998, 15.6998
26.4014, 13.3013
23.0007, 15.3988
20.1008, 14.4006
23.6006, 11.5004
18.8003, 28.9033
22.001, 23.3992
21.8015, 20.1981
19.6999, 20.7987
35.3978, 3.99698
18.9996, 15.2982
24.3933, 13.8009
21.2004, 8.30116
22.3, 4.4
22.8988, 20.5995
23.4989, 12.5998
24.2006, 13.6009
27.9968, 18.003
25.8842, 11.2862
23.3016, 8.50044
19.8612, 25.4987
24.3985, 12.7991
25.0051, 12.2981
25.0006, 16.3009
20.8992, 20.3993
19.8, 17.8
25.3007, 22.4004
21.7001, 10.6021
23.5021, 14.4968
25.3992, 14.3999
24.3002, 19.6001
23.8001, 19.8997
23.3005, 18.0999
24.5005, 22.8997
19.8082, 13.0094
23.5004, 25.6995
22.409, 12.605
20.9009, 10.3998
21.7997, 10.0997
22.9003, 17.0003
20.3996, 12.6
22.1, 6.00003
23.5996, 25.9996
23.8998, 9.90027
27.9997, 30.3004
26.1998, 21.0997
25, 18.2005
18.6864, 7.68473
18.8013, 14.202
25.5026, 11.4998
21.1986, 10.3972
24.799, 20.6993
28.1011, 24.0998
23.1884, 12.6892
22.6986, 26.5046
17.8, 11.9998
22.2001, 10.7
19.4001, 16.8998
21.0999, 12.4
20.8981, 5.89881
20.2999, 8.70007
23.8014, 21.6999
14.7, 17.7
23.2004, 18.5992
21.9993, 17.2009
23.5001, 15.2002
18.4997, 8.30035
19.4965, 23.4944
27.1001, 15.2004
22.2026, 11.1967
24.4002, 15.0005
25.3985, 18.6011
21.7004, 16.0985
21.7012, 11.1006
20.3002, 13.7
22.6956, 16.0062
20.7999, 19.2008
21.8989, 10.6004
16.6058, 16.281
25.7004, 14.2005
18.1995, 15.1988
24.2039, 14.103
26.4011, 15.9981
16.9013, 28.4
25.8, 18.4986
34.8986, 27.6969
20.3, 19.1999
21.6, 6.60003
23.1963, 13.1044
25.7961, 10.2958
19.0001, 26.3011
20.6999, 9.69985
19.8993, 24.2967
19.9002, 14.1999
15.9007, 11.1011
36.1021, 22.0034
22.8975, 18.1097
18.9928, 9.40647
20.3993, 16.7983
23.4036, 16.6002
25.2991, 34.6019
20.6912, 11.1009
25.3, 18.4001
18.0006, 18.8993
23.5985, 11.2977
22.1, 10.3
22.2003, 17.8986
23.5, 10.3999
23.9998, 19.9001
31.5021, 17.2988
26.8002, 9.301
20.3998, 19.1004
20.6991, 10.2012
18.7984, 21.4982
23.1007, 11.3008
21.5975, 16.3975
20, 8.30157
24.4985, 19.698
19.2001, 15.4011
22.2002, 13.4002
23.4003, 20.6999
22.7005, 26.8998
23.5024, 28.4014
25.6, 18.5
23.801, 19.5012
18.001, 33.701
26.1994, 6.7995
28.1159, 14.2029
22.4865, 7.40541
24.7001, 8.00003
28.0115, 16.109
21.3002, 15.8998
17.2005, 10.6993
21.9, 14.8
25.4002, 15.2003
20.7999, 9.49985
13.302, 13.8043
23, 12.4
22.7, 17
23.3975, 17.8997
20.4002, 17.8002
26.0001, 12.3999
24.7001, 14.3996
21.9009, 12.5992
19.6992, 13.1016
22.5996, 23.6996
22.2986, 27.6968
20.3999, 27.2999
20.2006, 13.4003
20.0982, 15.4014
23.8015, 10.5986
23.6007, 8.69883
22.8007, 14.4995
20.5005, 17.3056
25.1, 17.9001
23.2068, 8.60405
23.5012, 21.7014
18.803, 20.2007
21.5998, 17.4001
24.3023, 25.2001
24.2002, 21.8002
23.3968, 10.502
21.3014, 13.4986
16.6994, 15.5003
23.9077, 9.49711
24.9001, 11.2001
19.5996, 11.0001
24.8995, 21.9997
21.4002, 11.6995
25.5001, 23.1997
22.9982, 23.0989
17.0015, 5.59516
24.0998, 8.70026
22.2989, 22.3988
21.7988, 14.0016
23.2034, 16.1954
21.0071, 37.7107
26.6009, 24.1962
19.6006, 14.8992
19.7008, 19.9958
21.9995, 5.1995
16.9982, 17.1976
20.5989, 13.9004
20.2994, 15.0998
19.5, 14.5
22.0024, 9.19881
24.1992, 18.5009
16.4968, 13.8014
25.9, 25.299
24.1996, 12.7014
16.7024, 9.09758
19.0995, 12.2985
20.5009, 8.19966
21.5981, 13.3001
24.4, 10.9001
29.0977, 21.2959
20.5, 13.9
21.6, 18.4005
24.4, 16.3001
18.1012, 17.0992
27.7997, 11.4003
23.898, 13.6974
19.3031, 6.30422
22.0947, 21.5026
24.1997, 14.1028
27.1019, 19.9991
19.3997, 25.7002
22.3015, 24.6007
23.2997, 22.2005
24.5014, 16.6992
20.693, 8.69809
26.9008, 29.2975
20, 20.4005
22.4996, 19.2996
22.5005, 15.6006
17.7995, 18.8034
23.0972, 10.8977
23.9999, 13.5003
18.6997, 16.9998
23.8, 17.2001
21.895, 12.5017
24.1093, 5.81114
21.4969, 14.1114
20.303, 20.199
22.3998, 25.5954
22.0986, 15.5979
19.3983, 18.4016
20.9006, 10.8975
21.4987, 25.2999
23.9975, 11.9988
23.6035, 21.0027
24.2014, 19.5996
22.0998, 9.69891
21.6057, 21.0943
18.4981, 18.0054
21.8006, 18.0006
22.3101, 13.5127
22.1002, 26.6995
21.8557, 11.134
25.0989, 18.3991
21.1006, 18.0993
23.8054, 9.09981
22.2, 26.5
27.2002, 33.5023
23.9972, 19.8946
23.4954, 9.99458
22.5906, 14.0029
22.2019, 6.20169
22.1007, 13.3009
20.5009, 27.1986
20.8988, 11.9012
19.6996, 18.9004
18.5988, 19.2037
25.4015, 20.4992
22.0936, 14.3052
24.8959, 5.59567
24, 12.4
21.2999, 12.4005
19.3986, 27.5989
22.7957, 24.8004
24.8988, 11.2011
22.001, 16.6022
21.9027, 12.698
20.9998, 23.4001
21.8974, 15.1017
26.5989, 27.5001
23.8993, 23.4994
19.8003, 9.09932
21.9, 19.2
24.4, 15.5999
20.6015, 14.7998
17.1, 14.1
24.5017, 10.6993
17.7023, 18.5011
16.2998, 10.0987
21.9003, 24.3
22.2001, 18.5004
19.8997, 14.5007
25.6739, 25.4043
22.9, 8.6999
26.6985, 12.701
23.8996, 7.39967
26.1005, 10.6992
20.4, 16.1041
19.4001, 14.6057
17.1988, 15.1994
25.0985, 6.40026
22.5, 7.60006
22.5974, 14.2057
17.3978, 19.0949
23.6988, 28.0995
22.9983, 17.7006
23.4017, 23.1001
22.7999, 18.2
26.001, 23.3997
25.2, 11.8001
23.4008, 12.6009
23.6008, 23.6008
17.3012, 16.7019
23.506, 8.29065
23.2995, 16.4998
20.5977, 17.2983
20.4996, 20.2001
21.7994, 10.7995
24.5055, 17.4948
26.601, 14
23.7995, 18.8002
22.8003, 19.3003
15.5987, 17.0019
21.2036, 9.2043
21.7961, 5.60259
19.2999, 16.1
19.7001, 13.7
22.7998, 10.4001
23.4001, 18.4003
22.7995, 9.8982
29.3008, 9.00118
24.2999, 18.6002
23.6996, 13.8004
21.2019, 15.0994
20.5983, 13.1197
27.6, 23.1001
17.3864, 9.19798
23.7977, 31.7034
15.6028, 15.2989
30.4976, 13.9031
20.3985, 12.8027
19.1993, 5.39914
20.1951, 21.1946
18.2927, 21.5157
24.3959, 11.6041
23.3997, 12.1988
22.9, 24.2017
26.0034, 24.7993
16.5026, 12.9037
19.2998, 13.2
17.6965, 15.8976
16.4991, 19.8015
22.7, 9.39995
21.2011, 8.10007
28.0999, 6.30002
24.0932, 15.1032
21.1001, 17.1001
26.2008, 23.3006
23.2, 19.0999
23.6999, 17.2001
19.6987, 15.7015
21.8917, 18.7962
22.7963, 13.9971
22.6996, 23.2996
22.7001, 12.8004
18.3993, 13.9007
21.6, 26.4989
21.6002, 26.4003
21.3005, 14.0006
20.1926, 14.2071
19.5997, 9.70014
21.3088, 18.8031
21.3998, 5.79975
25.7002, 6.90059
21.2998, 26.5004
22.8994, 11.3
21.1975, 21.3975
22.2994, 8.09975
20.4, 15
17.581, 26.3931
24.9023, 40.7007
18.2971, 21.4985
23.9, 13.3002
13.3005, 37.7026
20.1958, 13.5968
21.1999, 17.0997
21.804, 9.89761
23.3999, 16.9001
22.3971, 12.0979
24.2996, 10.3003
22.0019, 24.4998
22.4973, 21.7973
20.5935, 25.4068
19.4986, 12.4007
23.6015, 17.4007
22.1004, 19.4001
23.6003, 17.7997
19.1987, 15.8993
24.3, 11.5
22.8975, 9.49321
25.2, 19.8999
17.6063, 10.8002
20.2998, 16.7999
19.8142, 11.4938
23.3997, 11.5996
30.3063, 9.50732
17.2946, 20.2017
24.9072, 11.8971
24.6972, 21.8018
20.1993, 16.1016
22.3981, 12.699
24.2991, 10.0032
22.5033, 21.897
23.1033, 16.201
23.1997, 12.3993
20.1998, 13.1999
22.5025, 11.6007
22.3811, 6.99652
19.1963, 12.4922
20.8073, 24.4021
23.0998, 22.6004
23.8043, 14.8977
22.4003, 11.6007
29.6991, 7.02137
20.8046, 17.1998
25.1013, 21.3018
21.9974, 14.2021
24.6977, 14.2018
21.3973, 11.8001
21.7997, 15.7001
22.0001, 17.1999
22.3021, 12.8015
18.4, 25.5998
23.6999, 25.0998
23.6, 25.9003
22.2, 11.9
17.0973, 12.7949
17.5998, 23.2
23.3023, 13.1063
24.3005, 21.2007
24.6012, 14.8949
23.8994, 19.2039
24.3008, 9.40099
22.7003, 24.5973
20.2977, 21.0968
26.3, 16.2
19.7998, 14.9996
21.8972, 24.8022
22.1004, 22.4001
20.7997, 6.6002
28.504, 19.5971
24.6767, 3.01724
19.7997, 22.8038
25.1003, 12.9996
24.4, 20.703
25.9001, 31.7001
22.1001, 13.2997
24.9032, 13.0954
20.9979, 9.97921
23.9, 14.3001
17.4005, 12.5991
22.0017, 25.5022
25.6, 14.7002
20.9998, 17.9005
20.6, 5.49995
22.3996, 10.4003
27.7, 13.6001
27.6999, 5.90031
25.7112, 13.188
24.5004, 9.30023
33.7986, 36.0016
23.2978, 18.2929
31.9979, 26.5972
24.698, 25.3993
15.0991, 22.2
24.5998, 9.70087
29.1979, 17.2957
21.7006, 19.6996
19.1997, 9.10119
19.2982, 28.5986
22.8003, 18.7997
24.0015, 21.899
23.301, 15.3978
19.487, 12.7932
23.1997, 17.7995
21.0982, 18.6981
25.3003, 22.0004
21.5929, 14.6061
22.3979, 27.2983
19.7017, 19.2984
21.3994, 21.5
25.0002, 13.0001
18.4003, 12.9997
24.4018, 21.6992
18.599, 25.7971
22.003, 8.69955
24.4, 17.6
19.5006, 11.1
22.0002, 19.1998
22.4984, 24.6934
19.8995, 11.7019
22.2004, 12.4005
23.7999, 8.60014
21.7008, 19.1004
24.2005, 17.3993
23.0993, 18.602
24.2001, 16.7976
28.3, 12.7
22.0014, 21.502
24.6995, 22.7994
20.3949, 26.3995
26.8008, 11.9004
27.2, 18.7
22.3, 14.4
13.4, 13.5
22.3994, 20.1004
27.8, 18.2
13.6111, 17.0833
27.2998, 22.4001
32.2012, 27.0999
14.0993, 10.8024
18.1, 14.3
21.5, 7.59998
18.9031, 10.5995
19.9016, 29.3991
27.3003, 17.0007
20.7933, 15.2081
22.2175, 11.9863
18.1978, 21.9993
24.6003, 14.1998
23.3005, 14.3007
22.9998, 14.2002
22.1992, 16.8009
27.6012, 15.7004
22.4001, 16
23.1, 10.2
28.3007, 26.3005
20.1001, 14.5999
19.5, 17.0001
22.5998, 12.3001
14.9999, 12.1999
21.0999, 6.50006
21.0888, 7.4027
28.1998, 6.60015
22.9997, 10.8001
24.9008, 8.00229
19.9002, 18.7991
22.1999, 12.6998
29.1904, 22.802
27.6971, 22.2932
18.7987, 11.4997
18.1985, 20.6951
20.3001, 15.8936
25.1945, 24.0046
19.698, 11.4995
19.4997, 12.8
22.0003, 23.2999
28.2953, 18.1986
23.499, 32.2999
23.6042, 20.0037
24.0998, 13.1002
22.2905, 12.2982
23.001, 18.9988
25.9055, 11.2992
25.7995, 12.3996
28.8003, 5.50003
23.9005, 19.0988
26.6013, 24.7005
24.5008, 28.2985
18.9019, 18.2988
24.5002, 13.7008
22.6979, 27.0004
25.5021, 15.6971
20.3052, 26.0941
24.4999, 21.2004
20.3152, 18.9097
26.5, 15.3
21.3999, 11.2999
21.8052, 25.9959
25.4986, 22.8984
20.1009, 12.3008
22.2997, 15.5005
21.7968, 17.3966
24.0993, 21.4009
28.8018, 24.4003
21.0998, 14.5001
30.1979, 15.3998
31.3019, 19.3991
23.2012, 8.79883
23.5118, 16.0933
22.1995, 25.2011
38.0996, 53.2002
25.3927, 31.2029
20.401, 23.9028
21.6002, 17.5002
21.9005, 11.501
24.3002, 16.7001
22.7999, 9.50039
24.4001, 7.90012
22.6984, 10.7968
21.3988, 11.8015
23.1006, 12.9007
24.1003, 12.4011
23.1009, 18.4021
25.9995, 11.3992
25.5, 20.8
26.4002, 22.1007
21.5011, 11.6989
27.2996, 7.80019
23.395, 12.9185
20.8874, 11.7965
17.1192, 13.7255
22.6089, 15.9916
21.6003, 8.80061
23.7971, 16.7921
20.8848, 13.5003
18.0117, 22.1053
27.7886, 13.716
22.2999, 15.3004
19.7014, 17.4011
24.6012, 11.7978
15.6843, 19.4139
15.1965, 22.596
20.4988, 19.1003
24.0996, 20.3018
25.2995, 22.6013
26.8995, 8.20046
37.4943, 40.502
21.5656, 9.28626
20.2989, 21.0003
22.2022, 10
22.4999, 13.4998
13.1274, 5.50193
20.8025, 12.5044
22.3529, 8.88889
19.793, 15.3887
24.4008, 23.5977
23.3994, 19.4013
24.9002, 16.7002
20.1014, 18.3996
23.2, 10.4
21.9007, 11.8989
23.4027, 25.1011
22.9, 13
16.6982, 23.4
19.7995, 17.8
23.2001, 4.99988
18.3001, 12.4
23.499, 9.30527
20.6, 11.9001
18.9988, 15.9976
25.5952, 13.3026
24.4999, 21.4993
23.6998, 17.9
22.5999, 12.6004
23.8001, 7.69753
24.0073, 13.201
22.5001, 15.4
25.5999, 7.59978
26.9, 18.6989
25.3996, 12.7007
24.3001, 5.80011
22.9996, 15.2001
24.1001, 17.5999
21.9999, 14.9002
19.0018, 21.804
25.9005, 7.60036
22.499, 28.3988
21.3993, 19.3996
22.4974, 27.4037
23.8007, 16.4017
25.2006, 16.1001
21.9999, 9.5999
23.9999, 17.6999
25.0008, 17.5992
27.0998, 26.8
20.7002, 19.5996
20.3, 27.4001
19.2999, 16.4002
22.3, 10.9
20.8001, 18.3999
24.8992, 18.1994
24.6003, 21
24.8999, 7.20045
24.5, 10.6001
23.9935, 15.1036
26.8001, 5.10029
27.3, 20.2999
23.9021, 10.1911
21.6997, 16.1007
27.9015, 3.97916
25.9021, 8.50222
20.4025, 11.0958
24.2987, 7.5991
21.9, 14.9999
23.1993, 16.9021
32.9998, 39.1994
18.9013, 18.0007
22.2005, 11.9013
22.7, 13.0997
25.1989, 10.2999
20.6138, 6.18926
22.4019, 19.7998
23.7992, 14.6
22.2967, 18.7985
21.8994, 15.8996
26.7364, 15.0859
21.1, 11.4988
22.3001, 15.4999
30.805, 15.1008
20.898, 15.398
22.1008, 16.4994
15.4074, 30.6929
21.5001, 20.0015
21.6039, 7.80409
22.2989, 14.9998
20.0004, 15.7996
20.0976, 25.5002
17.599, 17.1007
22.4, 18.0028
22.3806, 16.6073
12.5, 10.9918
17.0995, 20.8997
19.5002, 10.4997
20.3985, 11.9977
24.0032, 6.09526
24.9004, 11.4001
17.3, 20.8
22.2, 6.4
20.2993, 17.9002
22.8981, 17.002
19.6993, 9.89954
21.6004, 18.2005
12.3048, 13.8981
19.8998, 18.3003
21.6273, 5.77191
17.0977, 18.9983
16.3005, 13.6988
21.7001, 15.4
26.2013, 8.50019
24.898, 13.4011
24.3003, 10.3998
19.7023, 37.9994
7.40009, 12
24.001, 32.3002
24.5999, 17.9005
23.3016, 36.0998
22.2001, 19.9005
18.2032, 11.5022
19.6994, 12.9008
19.5002, 13.4001
21.5998, 5.70013
16.0024, 15.297
26.4004, 16.6995
25.5035, 7.30111
21.4007, 23.5996
22.6986, 27.2033
22.2101, 13.5061
27.0007, 11.2997
21.5981, 9.80288
25.4056, 23.0972
24.7991, 22.1967
18.795, 21.7997
18.6011, 8.59921
18.4879, 30.0059
22.3002, 22.9003
20.3983, 30.2012
21.1004, 19.8008
24.1018, 11.5008
21.2004, 18.7996
24.7999, 21.1997
19.0999, 25.2992
27.1, 15.2
24.1987, 18.5009
21.1981, 27.3985
19.0019, 16.6991
21.0021, 28.2042
23.0995, 14.5043
22.1008, 21.7009
24.5999, 17.4001
23.7001, 13.8997
20.4992, 19.2981
23.0998, 9.09975
19.6009, 18.3007
23.9999, 19.6997
17.7019, 30.5001
18.5001, 6.99902
25.0104, 34.3064
25.6, 17.0999
23.5983, 31.6032
20.0647, 10.0324
26.9016, 13.9964
27.802, 11.701
23.0046, 15.1055
19.1016, 8.19887
21.3985, 21.3985
27.598, 12.7992
21.8929, 13.4034
24.0997, 26.4997
23.0009, 11.2026
23.2897, 7.7147
21.5174, 13.6816
35.6005, 26.9049
22.1, 11.7002
25.1007, 27.899
19.0987, 16.0998
24.397, 20.2019
21.9009, 9.30018
19.9011, 15.3002
24.6018, 25.5002
20.7998, 21.6
21.4012, 9.39994
25.5992, 13.3992
21.9979, 17.6004
29.2008, 21.999
27.1965, 20.5032
23.9985, 15.6982
40.3967, 44.5962
18.5001, 6.5001
23.5996, 16.1996
15.3996, 20.5003
34.4995, 8.69996
19.9029, 16.2913
27.3001, 26.9005
22.2984, 28.6016
21.6883, 7.48918
13.8043, 16.3002
22.2965, 10.7028
16.3989, 14.2987
20.6968, 9.00502
23, 17.4
17.6301, 11.2717
17.9876, 6.68504
24.3993, 11.9015
24.5058, 25.8041
21.7013, 16.101
23.6968, 17.1978
16.9021, 19.2027
19.6007, 16.0996
22.4057, 20.5914
25.3005, 23.6005
22.7943, 13.5966
21.0001, 17.3998
17.107, 17.6989
31.6001, 26.2
25.6, 15.9
30.2982, 30.2982
16.8007, 14.4991
26.2971, 22.0042
23.1987, 9.103
21.1001, 18.9
22.8995, 14.5999
21.4, 15.7
19.0986, 28.7019
27.5997, 14.9999
19.3996, 17.4013
20.1033, 19.9055
18.0073, 20.8019
29.7981, 13.2989
33.7999, 11.6012
18.4998, 12.5002
25.8001, 16.4996
19.401, 21.7002
22.6008, 27.8983
23.8994, 21.5005
19.1968, 19.5984
16.7986, 17.6992
23.0984, 16.0994
21.0007, 19.4991
22.7988, 12.6967
20.0989, 25.6973
25.1984, 23.5007
28.5998, 9.39982
23.8999, 10.7999
18.5013, 11.892
25.3998, 7.80088
21.9999, 18.6018
18.0996, 12.3011
21.8001, 20.0997
25.3976, 4.39816
23.2983, 23.6017
24.0001, 15.8002
20.6017, 18.402
22.3987, 20.4982
28.4887, 17.1106
34.9, 13.9999
27.8017, 26.5
28.899, 22.0995
24.5046, 8.30523
24.6, 23.6002
18.2984, 9.49522
22.6963, 13.4948
23.0019, 15.1998
19.7021, 24.4971
23.2994, 16.4971
24.1998, 19.4005
18.9952, 22.4925
23.5015, 12.5009
23.5003, 16.3995
24.1001, 28.0002
21.9998, 15.9
20.2993, 16.0007
24.2, 11.1
26.4996, 17.0994
24.0004, 19.6004
22.201, 15.7969
26.5998, 13.5003
24.4988, 20.999
25.9008, 14.4984
25.8001, 16.9003
20.6998, 20
16.8006, 13.3003
23.3036, 20.5985
22.7999, 7.89991
18.0001, 16.8
22.0019, 12.7024
21.5987, 15.0998
22.3013, 8.29978
25.0071, 6.39419
41.9975, 31.3983
24.0023, 16.9005
25.0997, 11.2005
17.3101, 22.5965
25, 11
20.8005, 14.3993
19.6999, 16.3991
22.0999, 20.8993
22.6993, 16.6994
15.5999, 25.9998
21.6998, 17.7996
24.5684, 8.43293
24.0004, 20.3994
18.2991, 13.4018
22.598, 10.6016
24.5979, 25.2978
20.1999, 17.9002
25.8997, 13.8001
22.5912, 10.9055
21.8996, 13.4004
22.3986, 19.0986
23.1999, 9.10008
28, 20.3957
23.8012, 24.2996
21.5036, 31.5942
25.2002, 7.30044
21.6012, 15.7995
22.4976, 7.1001
22.5004, 19.1001
24.4008, 13.4003
24.8005, 24.4003
18.9017, 26.2024
21.1996, 7.80044
19.0002, 10.8999
25.9001, 6.30022
19.7995, 12.601
23.6008, 21.4992
22.5998, 9.30054
24.6006, 8.99933
32.9003, 9.50061
22.5005, 18.2011
23.3009, 9.39816
23.9005, 12.1005
19.4979, 13.8015
24.1002, 25.7011
22.5021, 18.3973
25.2998, 20.7
22.0084, 13.0962
19.7988, 20.1014
22.3019, 25.0012
24.7984, 9.80063
23.4009, 14.9985
20.7017, 10.1974
23.5993, 15.1015
22.7045, 10.2001
23.0036, 14.1985
22.3001, 12.4
18.9009, 19.5014
25.1999, 5.69995
23.1008, 23.3999
26.5003, 37.2993
21.2967, 23.6993
23.798, 7.70066
19.8006, 13.1998
20.1003, 15.3007
23.6999, 14.8006
24.3001, 11.4
19.7001, 10.5002
18.0004, 8.89991
19.8001, 18.2998
21.6011, 14.8992
28.2998, 15.3
19.0996, 12.0996
19.4007, 9.60033
23.0002, 6.30014
25.7989, 16.2986
22.3999, 15.1001
19.7, 15.4001
13.2002, 31.2995
24.7045, 10.8003
22.3999, 5.39991
21.2, 10.6
18.6988, 11.6015
24.4015, 22.6986
24.2064, 12.4003
22.4989, 14.7011
22.5, 21.7996
21.4976, 24.2995
24.1, 24.5
20.7999, 21.9001
24.8023, 28.3992
24.1001, 22.1002
19.4995, 15.0037
22.0997, 11.3003
24.5999, 12.4004
17.6008, 12.2002
18.5006, 20.1975
27.1025, 18.2152
21.2003, 19.999
23.7995, 19.9008
19.3989, 20.9001
34.0001, 31.3999
29.2001, 12.8001
23.301, 21.9002
21.2911, 22.4991
21.399, 15.8003
22.9979, 14.8005
27.2013, 18.9005
24.1978, 24.8997
21.7059, 15.5003
19.9004, 25.1981
26.8999, 14.6998
24.1009, 10.6992
19.2032, 8.8979
24.0981, 14.5984
24.3037, 24.9978
16.5001, 16.5974
22.9, 9.49998
18.8, 10.2001
18.4986, 12.9027
21.5942, 11.2068
20.1026, 19.7023
23.2987, 18.6006
25.9012, 18.801
20.2, 16.4002
23.1208, 11.1798
16.8981, 31.2946
20.1044, 16.0574
15.6364, 15.6364
26.3913, 14.2982
21.4969, 12.8962
23.8001, 17.5005
21.3014, 20.1001
21.6989, 15.5976
23.4, 10.8003
21.9992, 19.9004
22.3996, 11.9998
26.9997, 20.4999
23.3991, 8.19986
23.8994, 26.0006
15.2006, 32.6008
21.3202, 13.2917
26.3787, 9.88051
22.8, 15.5997
21.9, 17.0004
23.6029, 20.6968
24.7973, 39.1963
18.7973, 27.7947
21.7002, 27.3038
21.2005, 22.6997
23.0023, 9.20708
22.7, 21.2953
21.6951, 27.7989
26.7, 8.00007
25.2979, 39.9991
25.4995, 8.59944
23.0994, 13.7004
10.5983, 19.5017
21.7006, 30.7998
21.9004, 15.5996
28.1002, 5.70006
27.1001, 7.0001
23.9034, 17.8002
23.7, 23.2
24.2, 10.1997
24.8007, 11.4995
22.4994, 20.0995
20.7004, 11.4002
18.9001, 12.4011
18.8007, 10.2992
30.4053, 12.7989
21.8002, 22.6006
21.4035, 11.4026
23.8, 17.5001
20.7998, 12.3001
18.8993, 8.40235
18.3005, 15.0009
20.8986, 24
23.601, 29.7976
20.9923, 19.2985
25.0998, 10.8002
20, 21.9006
23.7039, 40.5046
20.6999, 14.7002
19.7004, 14.5991
21.8998, 11.0002
21.1, 16.1995
25.9996, 15.7004
24.6, 8.79884
22.7986, 11.5988
21.8958, 24.2981
20.295, 15.3962
20.9059, 19.6072
25.7978, 15.1981
22.0001, 11.2
17.9003, 10.9008
22.6982, 20.2006
21.6946, 11.5031
20.4052, 13.2176
20.3046, 9.51777
23.0997, 10.9969
28.6996, 6.50025
25.0998, 27.4999
23.4018, 11.0992
28.3, 23.9
19.1998, 10.5006
20.5005, 12.1005
21.4001, 21.5019
20.0989, 14.3985
21.8988, 18.5013
29.8001, 22.5999
19.2126, 5.82677
22.7028, 22.1978
23.3004, 14.6003
19.3028, 20.0976
21.0986, 13.4015
23.2982, 15.8997
17.4001, 15.7998
24.201, 35.4999
25.1014, 22.7006
23.4049, 12.1971
23.6002, 12.3
32.2954, 11.6944
21.7, 19.1001
19.8999, 9.49978
22.5983, 8.90278
22.4, 10.0999
24.6998, 13.3999
24.0994, 5.69926
24, 16
27.8006, 21.6005
27.7988, 24.1933
26.2001, 20.2001
26.5046, 8.20427
33.4032, 34.7021
30.6024, 34.9963
35.7042, 42.2859
